/*
 *****************************************************************************
 *
 * Copyright (C) 2008-2022 Advanced Micro Devices, Inc. All rights reserved.
 *
* ***************************************************************************
*
*/

#ifndef _ALIBSSDTRMB_H_
#define _ALIBSSDTRMB_H_

UINT8  AlibSsdtRMB[] = {
  0x53, 0x53, 0x44, 0x54, 0x8B, 0x80, 0x00, 0x00,
  0x02, 0xF9, 0x41, 0x4D, 0x44, 0x00, 0x00, 0x00,
  0x41, 0x4C, 0x49, 0x42, 0x00, 0x00, 0x00, 0x00,
  0x02, 0x00, 0x00, 0x00, 0x4D, 0x53, 0x46, 0x54,
  0x02, 0x00, 0x00, 0x02, 0x10, 0x86, 0x06, 0x08,
  0x5C, 0x5F, 0x53, 0x42, 0x5F, 0x08, 0x41, 0x47,
  0x52, 0x42, 0x0C, 0xFF, 0xFF, 0xFF, 0xFF, 0x08,
  0x41, 0x44, 0x42, 0x47, 0x11, 0x04, 0x0B, 0x00,
  0x01, 0x5B, 0x01, 0x41, 0x4D, 0x30, 0x30, 0x00,
  0x08, 0x41, 0x44, 0x41, 0x54, 0x11, 0x45, 0x52,
  0x0B, 0x20, 0x05, 0x00, 0x00, 0x00, 0x00, 0x00,
  0x00, 0x00, 0x00, 0x00, 0x00, 0x00, 0x00, 0x00,
  0x00, 0x00, 0x00, 0x00, 0x00, 0x00, 0x00, 0x00,
  0x00, 0x00, 0x00, 0x00, 0x00, 0x00, 0x00, 0x00,
  0x00, 0x00, 0x00, 0x00, 0x00, 0x00, 0x00, 0x00,
  0x00, 0x00, 0x00, 0x00, 0x00, 0x00, 0x00, 0x00,
  0x00, 0x00, 0x00, 0x00, 0x00, 0x00, 0x00, 0x00,
  0x00, 0x00, 0x00, 0x00, 0x00, 0x00, 0x00, 0x00,
  0x00, 0x00, 0x00, 0x00, 0x00, 0x00, 0x00, 0x00,
  0x00, 0x00, 0x00, 0x00, 0x00, 0x00, 0x00, 0x00,
  0x00, 0x00, 0x00, 0x00, 0x00, 0x00, 0x00, 0x00,
  0x00, 0x00, 0x00, 0x00, 0x00, 0x00, 0x00, 0x00,
  0x00, 0x00, 0x00, 0x00, 0x00, 0x00, 0x00, 0x00,
  0x00, 0x00, 0x00, 0x00, 0x00, 0x00, 0x00, 0x00,
  0x00, 0x00, 0x00, 0x00, 0x00, 0x00, 0x00, 0x00,
  0x00, 0x00, 0x00, 0x00, 0x00, 0x00, 0x00, 0x00,
  0x00, 0x00, 0x00, 0x00, 0x00, 0x00, 0x00, 0x00,
  0x00, 0x00, 0x00, 0x00, 0x00, 0x00, 0x00, 0x00,
  0x00, 0x00, 0x00, 0x00, 0x00, 0x00, 0x00, 0x00,
  0x00, 0x00, 0x00, 0x00, 0x00, 0x00, 0x00, 0x00,
  0x00, 0x00, 0x00, 0x00, 0x00, 0x00, 0x00, 0x00,
  0x00, 0x00, 0x00, 0x00, 0x00, 0x00, 0x00, 0x00,
  0x00, 0x00, 0x00, 0x00, 0x00, 0x00, 0x00, 0x00,
  0x00, 0x00, 0x00, 0x00, 0x00, 0x00, 0x00, 0x00,
  0x00, 0x00, 0x00, 0x00, 0x00, 0x00, 0x00, 0x00,
  0x00, 0x00, 0x00, 0x00, 0x00, 0x00, 0x00, 0x00,
  0x00, 0x00, 0x00, 0x00, 0x00, 0x00, 0x00, 0x00,
  0x00, 0x00, 0x00, 0x00, 0x00, 0x00, 0x00, 0x00,
  0x00, 0x00, 0x00, 0x00, 0x00, 0x00, 0x00, 0x00,
  0x00, 0x00, 0x00, 0x00, 0x00, 0x00, 0x00, 0x00,
  0x00, 0x00, 0x00, 0x00, 0x00, 0x00, 0x00, 0x00,
  0x00, 0x00, 0x00, 0x00, 0x00, 0x00, 0x00, 0x00,
  0x00, 0x00, 0x00, 0x00, 0x00, 0x00, 0x00, 0x00,
  0x00, 0x00, 0x00, 0x00, 0x00, 0x00, 0x00, 0x00,
  0x00, 0x00, 0x00, 0x00, 0x00, 0x00, 0x00, 0x00,
  0x00, 0x00, 0x00, 0x00, 0x00, 0x00, 0x00, 0x00,
  0x00, 0x00, 0x00, 0x00, 0x00, 0x00, 0x00, 0x00,
  0x00, 0x00, 0x00, 0x00, 0x00, 0x00, 0x00, 0x00,
  0x00, 0x00, 0x00, 0x00, 0x00, 0x00, 0x00, 0x00,
  0x00, 0x00, 0x00, 0x00, 0x00, 0x00, 0x00, 0x00,
  0x00, 0x00, 0x00, 0x00, 0x00, 0x00, 0x00, 0x00,
  0x00, 0x00, 0x00, 0x00, 0x00, 0x00, 0x00, 0x00,
  0x00, 0x00, 0x00, 0x00, 0x00, 0x00, 0x00, 0x00,
  0x00, 0x00, 0x00, 0x00, 0x00, 0x00, 0x00, 0x00,
  0x00, 0x00, 0x00, 0x00, 0x00, 0x00, 0x00, 0x00,
  0x00, 0x00, 0x00, 0x00, 0x00, 0x00, 0x00, 0x00,
  0x00, 0x00, 0x00, 0x00, 0x00, 0x00, 0x00, 0x00,
  0x00, 0x00, 0x00, 0x00, 0x00, 0x00, 0x00, 0x00,
  0x00, 0x00, 0x00, 0x00, 0x00, 0x00, 0x00, 0x00,
  0x00, 0x00, 0x00, 0x00, 0x00, 0x00, 0x00, 0x00,
  0x00, 0x00, 0x00, 0x00, 0x00, 0x00, 0x00, 0x00,
  0x00, 0x00, 0x00, 0x00, 0x00, 0x00, 0x00, 0x00,
  0x00, 0x00, 0x00, 0x00, 0x00, 0x00, 0x00, 0x00,
  0x00, 0x00, 0x00, 0x00, 0x00, 0x00, 0x00, 0x00,
  0x00, 0x00, 0x00, 0x00, 0x00, 0x00, 0x00, 0x00,
  0x00, 0x00, 0x00, 0x00, 0x00, 0x00, 0x00, 0x00,
  0x00, 0x00, 0x00, 0x00, 0x00, 0x00, 0x00, 0x00,
  0x00, 0x00, 0x00, 0x00, 0x00, 0x00, 0x00, 0x00,
  0x00, 0x00, 0x00, 0x00, 0x00, 0x00, 0x00, 0x00,
  0x00, 0x00, 0x00, 0x00, 0x00, 0x00, 0x00, 0x00,
  0x00, 0x00, 0x00, 0x00, 0x00, 0x00, 0x00, 0x00,
  0x00, 0x00, 0x00, 0x00, 0x00, 0x00, 0x00, 0x00,
  0x00, 0x00, 0x00, 0x00, 0x00, 0x00, 0x00, 0x00,
  0x00, 0x00, 0x00, 0x00, 0x00, 0x00, 0x00, 0x00,
  0x00, 0x00, 0x00, 0x00, 0x00, 0x00, 0x00, 0x00,
  0x00, 0x00, 0x00, 0x00, 0x00, 0x00, 0x00, 0x00,
  0x00, 0x00, 0x00, 0x00, 0x00, 0x00, 0x00, 0x00,
  0x00, 0x00, 0x00, 0x00, 0x00, 0x00, 0x00, 0x00,
  0x00, 0x00, 0x00, 0x00, 0x00, 0x00, 0x00, 0x00,
  0x00, 0x00, 0x00, 0x00, 0x00, 0x00, 0x00, 0x00,
  0x00, 0x00, 0x00, 0x00, 0x00, 0x00, 0x00, 0x00,
  0x00, 0x00, 0x00, 0x00, 0x00, 0x00, 0x00, 0x00,
  0x00, 0x00, 0x00, 0x00, 0x00, 0x00, 0x00, 0x00,
  0x00, 0x00, 0x00, 0x00, 0x00, 0x00, 0x00, 0x00,
  0x00, 0x00, 0x00, 0x00, 0x00, 0x00, 0x00, 0x00,
  0x00, 0x00, 0x00, 0x00, 0x00, 0x00, 0x00, 0x00,
  0x00, 0x00, 0x00, 0x00, 0x00, 0x00, 0x00, 0x00,
  0x00, 0x00, 0x00, 0x00, 0x00, 0x00, 0x00, 0x00,
  0x00, 0x00, 0x00, 0x00, 0x00, 0x00, 0x00, 0x00,
  0x00, 0x00, 0x00, 0x00, 0x00, 0x00, 0x00, 0x00,
  0x00, 0x00, 0x00, 0x00, 0x00, 0x00, 0x00, 0x00,
  0x00, 0x00, 0x00, 0x00, 0x00, 0x00, 0x00, 0x00,
  0x00, 0x00, 0x00, 0x00, 0x00, 0x00, 0x00, 0x00,
  0x00, 0x00, 0x00, 0x00, 0x00, 0x00, 0x00, 0x00,
  0x00, 0x00, 0x00, 0x00, 0x00, 0x00, 0x00, 0x00,
  0x00, 0x00, 0x00, 0x00, 0x00, 0x00, 0x00, 0x00,
  0x00, 0x00, 0x00, 0x00, 0x00, 0x00, 0x00, 0x00,
  0x00, 0x00, 0x00, 0x00, 0x00, 0x00, 0x00, 0x00,
  0x00, 0x00, 0x00, 0x00, 0x00, 0x00, 0x00, 0x00,
  0x00, 0x00, 0x00, 0x00, 0x00, 0x00, 0x00, 0x00,
  0x00, 0x00, 0x00, 0x00, 0x00, 0x00, 0x00, 0x00,
  0x00, 0x00, 0x00, 0x00, 0x00, 0x00, 0x00, 0x00,
  0x00, 0x00, 0x00, 0x00, 0x00, 0x00, 0x00, 0x00,
  0x00, 0x00, 0x00, 0x00, 0x00, 0x00, 0x00, 0x00,
  0x00, 0x00, 0x00, 0x00, 0x00, 0x00, 0x00, 0x00,
  0x00, 0x00, 0x00, 0x00, 0x00, 0x00, 0x00, 0x00,
  0x00, 0x00, 0x00, 0x00, 0x00, 0x00, 0x00, 0x00,
  0x00, 0x00, 0x00, 0x00, 0x00, 0x00, 0x00, 0x00,
  0x00, 0x00, 0x00, 0x00, 0x00, 0x00, 0x00, 0x00,
  0x00, 0x00, 0x00, 0x00, 0x00, 0x00, 0x00, 0x00,
  0x00, 0x00, 0x00, 0x00, 0x00, 0x00, 0x00, 0x00,
  0x00, 0x00, 0x00, 0x00, 0x00, 0x00, 0x00, 0x00,
  0x00, 0x00, 0x00, 0x00, 0x00, 0x00, 0x00, 0x00,
  0x00, 0x00, 0x00, 0x00, 0x00, 0x00, 0x00, 0x00,
  0x00, 0x00, 0x00, 0x00, 0x00, 0x00, 0x00, 0x00,
  0x00, 0x00, 0x00, 0x00, 0x00, 0x00, 0x00, 0x00,
  0x00, 0x00, 0x00, 0x00, 0x00, 0x00, 0x00, 0x00,
  0x00, 0x00, 0x00, 0x00, 0x00, 0x00, 0x00, 0x00,
  0x00, 0x00, 0x00, 0x00, 0x00, 0x00, 0x00, 0x00,
  0x00, 0x00, 0x00, 0x00, 0x00, 0x00, 0x00, 0x00,
  0x00, 0x00, 0x00, 0x00, 0x00, 0x00, 0x00, 0x00,
  0x00, 0x00, 0x00, 0x00, 0x00, 0x00, 0x00, 0x00,
  0x00, 0x00, 0x00, 0x00, 0x00, 0x00, 0x00, 0x00,
  0x00, 0x00, 0x00, 0x00, 0x00, 0x00, 0x00, 0x00,
  0x00, 0x00, 0x00, 0x00, 0x00, 0x00, 0x00, 0x00,
  0x00, 0x00, 0x00, 0x00, 0x00, 0x00, 0x00, 0x00,
  0x00, 0x00, 0x00, 0x00, 0x00, 0x00, 0x00, 0x00,
  0x00, 0x00, 0x00, 0x00, 0x00, 0x00, 0x00, 0x00,
  0x00, 0x00, 0x00, 0x00, 0x00, 0x00, 0x00, 0x00,
  0x00, 0x00, 0x00, 0x00, 0x00, 0x00, 0x00, 0x00,
  0x00, 0x00, 0x00, 0x00, 0x00, 0x00, 0x00, 0x00,
  0x00, 0x00, 0x00, 0x00, 0x00, 0x00, 0x00, 0x00,
  0x00, 0x00, 0x00, 0x00, 0x00, 0x00, 0x00, 0x00,
  0x00, 0x00, 0x00, 0x00, 0x00, 0x00, 0x00, 0x00,
  0x00, 0x00, 0x00, 0x00, 0x00, 0x00, 0x00, 0x00,
  0x00, 0x00, 0x00, 0x00, 0x00, 0x00, 0x00, 0x00,
  0x00, 0x00, 0x00, 0x00, 0x00, 0x00, 0x00, 0x00,
  0x00, 0x00, 0x00, 0x00, 0x00, 0x00, 0x00, 0x00,
  0x00, 0x00, 0x00, 0x00, 0x00, 0x00, 0x00, 0x00,
  0x00, 0x00, 0x00, 0x00, 0x00, 0x00, 0x00, 0x00,
  0x00, 0x00, 0x00, 0x00, 0x00, 0x00, 0x00, 0x00,
  0x00, 0x00, 0x00, 0x00, 0x00, 0x00, 0x00, 0x00,
  0x00, 0x00, 0x00, 0x00, 0x00, 0x00, 0x00, 0x00,
  0x00, 0x00, 0x00, 0x00, 0x00, 0x00, 0x00, 0x00,
  0x00, 0x00, 0x00, 0x00, 0x00, 0x00, 0x00, 0x00,
  0x00, 0x00, 0x00, 0x00, 0x00, 0x00, 0x00, 0x00,
  0x00, 0x00, 0x00, 0x00, 0x00, 0x00, 0x00, 0x00,
  0x00, 0x00, 0x00, 0x00, 0x00, 0x00, 0x00, 0x00,
  0x00, 0x00, 0x00, 0x00, 0x00, 0x00, 0x00, 0x00,
  0x00, 0x00, 0x00, 0x00, 0x00, 0x00, 0x00, 0x00,
  0x00, 0x00, 0x00, 0x00, 0x00, 0x00, 0x00, 0x00,
  0x00, 0x00, 0x00, 0x00, 0x00, 0x00, 0x00, 0x00,
  0x00, 0x00, 0x00, 0x00, 0x00, 0x00, 0x00, 0x00,
  0x00, 0x00, 0x00, 0x00, 0x00, 0x00, 0x00, 0x00,
  0x00, 0x00, 0x00, 0x00, 0x00, 0x00, 0x00, 0x00,
  0x00, 0x00, 0x00, 0x00, 0x00, 0x00, 0x00, 0x00,
  0x00, 0x00, 0x00, 0x00, 0x00, 0x00, 0x00, 0x00,
  0x00, 0x00, 0x00, 0x00, 0x00, 0x00, 0x00, 0x00,
  0x00, 0x00, 0x00, 0x00, 0x00, 0x00, 0x00, 0x00,
  0x00, 0x00, 0x00, 0x00, 0x00, 0x00, 0x00, 0x00,
  0x00, 0x00, 0x00, 0x00, 0x00, 0x00, 0x00, 0x00,
  0x00, 0x00, 0x00, 0x00, 0x00, 0x00, 0x00, 0x00,
  0x00, 0x00, 0x00, 0x00, 0x00, 0x00, 0x00, 0x00,
  0x00, 0x00, 0x00, 0x00, 0x00, 0x00, 0x00, 0x00,
  0x00, 0x00, 0x00, 0x00, 0x00, 0x00, 0x00, 0x00,
  0x00, 0x00, 0x00, 0x00, 0x00, 0x00, 0x00, 0x00,
  0x00, 0x00, 0x00, 0x00, 0x00, 0x00, 0x00, 0x00,
  0x00, 0x00, 0x00, 0x00, 0x00, 0x00, 0x00, 0x00,
  0x00, 0x00, 0x00, 0x00, 0x00, 0x00, 0x00, 0x00,
  0x00, 0x00, 0x00, 0x00, 0x00, 0x00, 0x00, 0x00,
  0x00, 0x00, 0x00, 0x00, 0x00, 0x00, 0x00, 0x00,
  0x00, 0x00, 0x00, 0x00, 0x00, 0x00, 0x00, 0x00,
  0x00, 0x00, 0x00, 0x00, 0x00, 0x00, 0x00, 0x00,
  0x00, 0x00, 0x00, 0x00, 0x00, 0x00, 0x00, 0x00,
  0x00, 0x00, 0x00, 0x5B, 0x80, 0x41, 0x30, 0x30,
  0x31, 0x01, 0x0A, 0x80, 0x0A, 0x04, 0x5B, 0x81,
  0x0B, 0x41, 0x30, 0x30, 0x31, 0x03, 0x41, 0x30,
  0x30, 0x32, 0x20, 0x5B, 0x80, 0x41, 0x30, 0x30,
  0x33, 0x01, 0x0A, 0x80, 0x0A, 0x02, 0x5B, 0x81,
  0x0B, 0x41, 0x30, 0x30, 0x33, 0x02, 0x41, 0x30,
  0x30, 0x34, 0x10, 0x5B, 0x80, 0x41, 0x30, 0x30,
  0x35, 0x01, 0x0A, 0x80, 0x0A, 0x01, 0x5B, 0x81,
  0x0B, 0x41, 0x30, 0x30, 0x35, 0x01, 0x41, 0x30,
  0x30, 0x36, 0x08, 0x14, 0x13, 0x41, 0x30, 0x30,
  0x37, 0x01, 0x70, 0x7D, 0x68, 0x0C, 0x00, 0x00,
  0x00, 0xB0, 0x00, 0x41, 0x30, 0x30, 0x32, 0x14,
  0x47, 0x76, 0x41, 0x4C, 0x49, 0x42, 0x02, 0xA0,
  0x4D, 0x09, 0x93, 0x68, 0x0A, 0x00, 0x41, 0x30,
  0x30, 0x37, 0x0B, 0x80, 0xAA, 0x8B, 0x69, 0x0A,
  0x00, 0x41, 0x30, 0x32, 0x30, 0x8B, 0x69, 0x0A,
  0x02, 0x41, 0x30, 0x32, 0x31, 0x8A, 0x69, 0x0A,
  0x04, 0x41, 0x30, 0x32, 0x32, 0x70, 0x11, 0x04,
  0x0B, 0x00, 0x01, 0x60, 0x8B, 0x60, 0x0A, 0x00,
  0x41, 0x30, 0x32, 0x33, 0x70, 0x41, 0x30, 0x32,
  0x30, 0x41, 0x30, 0x32, 0x33, 0x8B, 0x60, 0x0A,
  0x02, 0x41, 0x30, 0x32, 0x34, 0x70, 0x41, 0x30,
  0x32, 0x31, 0x41, 0x30, 0x32, 0x34, 0x8A, 0x60,
  0x0A, 0x04, 0x41, 0x30, 0x32, 0x35, 0x70, 0x41,
  0x30, 0x32, 0x32, 0x41, 0x30, 0x32, 0x35, 0x7B,
  0x41, 0x30, 0x32, 0x35, 0x80, 0x0A, 0x0F, 0x00,
  0x41, 0x30, 0x32, 0x35, 0xA0, 0x17, 0x94, 0x83,
  0x88, 0x5C, 0x2E, 0x5F, 0x53, 0x42, 0x5F, 0x41,
  0x44, 0x41, 0x54, 0x0A, 0x00, 0x00, 0x0A, 0x00,
  0x70, 0x0A, 0x0F, 0x61, 0xA1, 0x05, 0x70, 0x0A,
  0x01, 0x61, 0x7D, 0x41, 0x30, 0x32, 0x35, 0x61,
  0x41, 0x30, 0x32, 0x35, 0x41, 0x30, 0x30, 0x37,
  0x0B, 0x81, 0xAA, 0xA4, 0x60, 0xA0, 0x21, 0x93,
  0x68, 0x0A, 0x01, 0x41, 0x30, 0x30, 0x37, 0x0B,
  0x82, 0xAA, 0x70, 0x83, 0x88, 0x69, 0x0A, 0x02,
  0x00, 0x60, 0xA4, 0x41, 0x30, 0x32, 0x36, 0x60,
  0x41, 0x30, 0x30, 0x37, 0x0B, 0x83, 0xAA, 0xA0,
  0x1F, 0x93, 0x68, 0x0A, 0x02, 0x41, 0x30, 0x30,
  0x37, 0x0B, 0x84, 0xAA, 0x70, 0x11, 0x07, 0x0B,
  0x00, 0x01, 0x03, 0x00, 0x00, 0x60, 0x41, 0x30,
  0x30, 0x37, 0x0B, 0x85, 0xAA, 0xA4, 0x60, 0xA0,
  0x1F, 0x93, 0x68, 0x0A, 0x03, 0x41, 0x30, 0x30,
  0x37, 0x0B, 0x86, 0xAA, 0x70, 0x11, 0x07, 0x0B,
  0x00, 0x01, 0x03, 0x00, 0x00, 0x60, 0x41, 0x30,
  0x30, 0x37, 0x0B, 0x87, 0xAA, 0xA4, 0x60, 0xA0,
  0x2A, 0x93, 0x68, 0x0A, 0x06, 0x41, 0x30, 0x30,
  0x37, 0x0B, 0x88, 0xAA, 0x70, 0x83, 0x88, 0x69,
  0x0A, 0x04, 0x00, 0x60, 0x70, 0x83, 0x88, 0x69,
  0x0A, 0x02, 0x00, 0x61, 0xA4, 0x41, 0x30, 0x32,
  0x39, 0x60, 0x61, 0x41, 0x30, 0x30, 0x37, 0x0B,
  0x89, 0xAA, 0xA0, 0x21, 0x93, 0x68, 0x0A, 0x0A,
  0x41, 0x30, 0x30, 0x37, 0x0B, 0x8A, 0xAA, 0x70,
  0x83, 0x88, 0x69, 0x0A, 0x02, 0x00, 0x60, 0xA4,
  0x41, 0x30, 0x33, 0x30, 0x60, 0x41, 0x30, 0x30,
  0x37, 0x0B, 0x8B, 0xAA, 0xA0, 0x4B, 0x0B, 0x93,
  0x68, 0x0A, 0x0B, 0x41, 0x30, 0x30, 0x37, 0x0B,
  0x8C, 0xAA, 0x70, 0x83, 0x88, 0x69, 0x0A, 0x02,
  0x00, 0x60, 0x70, 0x83, 0x88, 0x69, 0x0A, 0x03,
  0x00, 0x61, 0x70, 0x83, 0x88, 0x69, 0x0A, 0x04,
  0x00, 0x62, 0x7D, 0x79, 0x83, 0x88, 0x69, 0x0A,
  0x05, 0x00, 0x0A, 0x08, 0x00, 0x62, 0x62, 0x7D,
  0x79, 0x83, 0x88, 0x69, 0x0A, 0x06, 0x00, 0x0A,
  0x10, 0x00, 0x62, 0x62, 0x7D, 0x79, 0x83, 0x88,
  0x69, 0x0A, 0x07, 0x00, 0x0A, 0x18, 0x00, 0x62,
  0x62, 0x70, 0x83, 0x88, 0x69, 0x0A, 0x08, 0x00,
  0x63, 0x7D, 0x79, 0x83, 0x88, 0x69, 0x0A, 0x09,
  0x00, 0x0A, 0x08, 0x00, 0x63, 0x63, 0x7D, 0x79,
  0x83, 0x88, 0x69, 0x0A, 0x0A, 0x00, 0x0A, 0x10,
  0x00, 0x63, 0x63, 0x7D, 0x79, 0x83, 0x88, 0x69,
  0x0A, 0x0B, 0x00, 0x0A, 0x18, 0x00, 0x63, 0x63,
  0x70, 0x83, 0x88, 0x69, 0x0A, 0x0C, 0x00, 0x64,
  0x7D, 0x79, 0x83, 0x88, 0x69, 0x0A, 0x0D, 0x00,
  0x0A, 0x08, 0x00, 0x64, 0x64, 0x7D, 0x79, 0x83,
  0x88, 0x69, 0x0A, 0x0E, 0x00, 0x0A, 0x10, 0x00,
  0x64, 0x64, 0x7D, 0x79, 0x83, 0x88, 0x69, 0x0A,
  0x0F, 0x00, 0x0A, 0x18, 0x00, 0x64, 0x64, 0xA4,
  0x41, 0x30, 0x33, 0x31, 0x60, 0x61, 0x62, 0x63,
  0x64, 0x41, 0x30, 0x30, 0x37, 0x0B, 0x8D, 0xAA,
  0xA0, 0x19, 0x93, 0x68, 0x0A, 0x0C, 0x41, 0x30,
  0x30, 0x37, 0x0B, 0x8E, 0xAA, 0xA4, 0x41, 0x30,
  0x33, 0x32, 0x69, 0x41, 0x30, 0x30, 0x37, 0x0B,
  0x8F, 0xAA, 0xA0, 0x4B, 0x07, 0x93, 0x68, 0x0A,
  0x10, 0x41, 0x30, 0x30, 0x37, 0x0B, 0x90, 0xAA,
  0x70, 0x11, 0x03, 0x0A, 0x18, 0x67, 0x8A, 0x67,
  0x0A, 0x00, 0x41, 0x30, 0x33, 0x33, 0x8A, 0x67,
  0x0A, 0x04, 0x41, 0x30, 0x33, 0x34, 0x8A, 0x67,
  0x0A, 0x08, 0x41, 0x30, 0x33, 0x35, 0x8A, 0x67,
  0x0A, 0x0C, 0x41, 0x30, 0x33, 0x36, 0x8A, 0x67,
  0x0A, 0x10, 0x41, 0x30, 0x33, 0x37, 0x8A, 0x67,
  0x0A, 0x14, 0x41, 0x30, 0x33, 0x38, 0x70, 0x0A,
  0x00, 0x41, 0x30, 0x33, 0x33, 0x70, 0x0A, 0x00,
  0x41, 0x30, 0x33, 0x34, 0x70, 0x0A, 0x00, 0x41,
  0x30, 0x33, 0x35, 0x70, 0x0A, 0x00, 0x41, 0x30,
  0x33, 0x36, 0x70, 0x0A, 0x00, 0x41, 0x30, 0x33,
  0x37, 0x70, 0x0A, 0x00, 0x41, 0x30, 0x33, 0x38,
  0x41, 0x30, 0x31, 0x38, 0x0A, 0x28, 0x67, 0x41,
  0x30, 0x30, 0x37, 0x0B, 0x91, 0xAA, 0xA0, 0x4B,
  0x07, 0x93, 0x68, 0x0A, 0x11, 0x41, 0x30, 0x30,
  0x37, 0x0B, 0x92, 0xAA, 0x70, 0x11, 0x03, 0x0A,
  0x18, 0x66, 0x8A, 0x66, 0x0A, 0x00, 0x41, 0x30,
  0x31, 0x32, 0x8A, 0x66, 0x0A, 0x04, 0x41, 0x30,
  0x31, 0x33, 0x8A, 0x66, 0x0A, 0x08, 0x41, 0x30,
  0x31, 0x34, 0x8A, 0x66, 0x0A, 0x0C, 0x41, 0x30,
  0x31, 0x35, 0x8A, 0x66, 0x0A, 0x10, 0x41, 0x30,
  0x31, 0x36, 0x8A, 0x66, 0x0A, 0x14, 0x41, 0x30,
  0x31, 0x37, 0x70, 0x0A, 0x00, 0x41, 0x30, 0x31,
  0x32, 0x70, 0x0A, 0x00, 0x41, 0x30, 0x31, 0x33,
  0x70, 0x0A, 0x00, 0x41, 0x30, 0x31, 0x34, 0x70,
  0x0A, 0x00, 0x41, 0x30, 0x31, 0x35, 0x70, 0x0A,
  0x00, 0x41, 0x30, 0x31, 0x36, 0x70, 0x0A, 0x00,
  0x41, 0x30, 0x31, 0x37, 0x41, 0x30, 0x31, 0x38,
  0x0A, 0x27, 0x66, 0x41, 0x30, 0x30, 0x37, 0x0B,
  0x93, 0xAA, 0xA0, 0x4F, 0x14, 0x93, 0x68, 0x0A,
  0x12, 0x41, 0x30, 0x30, 0x37, 0x0B, 0x94, 0xAA,
  0x70, 0x11, 0x03, 0x0A, 0x18, 0x66, 0x8A, 0x66,
  0x0A, 0x00, 0x41, 0x30, 0x33, 0x39, 0x8A, 0x66,
  0x0A, 0x04, 0x41, 0x30, 0x34, 0x30, 0x8A, 0x66,
  0x0A, 0x08, 0x41, 0x30, 0x34, 0x31, 0x8A, 0x66,
  0x0A, 0x0C, 0x41, 0x30, 0x34, 0x32, 0x8A, 0x66,
  0x0A, 0x10, 0x41, 0x30, 0x34, 0x33, 0x8A, 0x66,
  0x0A, 0x14, 0x41, 0x30, 0x34, 0x34, 0x70, 0x0A,
  0x40, 0x41, 0x30, 0x33, 0x39, 0x70, 0x0A, 0x00,
  0x41, 0x30, 0x34, 0x30, 0x70, 0x0A, 0x00, 0x41,
  0x30, 0x34, 0x31, 0x70, 0x0A, 0x00, 0x41, 0x30,
  0x34, 0x32, 0x70, 0x0A, 0x00, 0x41, 0x30, 0x34,
  0x33, 0x70, 0x0A, 0x00, 0x41, 0x30, 0x34, 0x34,
  0x70, 0x0A, 0x01, 0x65, 0x5B, 0x23, 0x5C, 0x2E,
  0x5F, 0x53, 0x42, 0x5F, 0x41, 0x4D, 0x30, 0x30,
  0xFF, 0xFF, 0x70, 0x41, 0x30, 0x34, 0x35, 0x60,
  0x70, 0x41, 0x30, 0x34, 0x36, 0x61, 0x70, 0x41,
  0x30, 0x34, 0x37, 0x62, 0x70, 0x41, 0x30, 0x34,
  0x38, 0x63, 0x5B, 0x27, 0x5C, 0x2E, 0x5F, 0x53,
  0x42, 0x5F, 0x41, 0x4D, 0x30, 0x30, 0xA0, 0x23,
  0x90, 0x92, 0x93, 0x7B, 0x60, 0x0A, 0x3F, 0x00,
  0x0A, 0x1F, 0x92, 0x93, 0x7B, 0x60, 0x0A, 0x3F,
  0x00, 0x0A, 0x00, 0xA0, 0x0E, 0x92, 0x93, 0x7B,
  0x60, 0x0A, 0x3F, 0x00, 0x0A, 0x08, 0x70, 0x0A,
  0x00, 0x65, 0xA1, 0x43, 0x07, 0xA0, 0x23, 0x90,
  0x92, 0x93, 0x7B, 0x61, 0x0A, 0x3F, 0x00, 0x0A,
  0x1F, 0x92, 0x93, 0x7B, 0x61, 0x0A, 0x3F, 0x00,
  0x0A, 0x00, 0xA0, 0x0E, 0x92, 0x93, 0x7B, 0x61,
  0x0A, 0x3F, 0x00, 0x0A, 0x08, 0x70, 0x0A, 0x00,
  0x65, 0xA1, 0x4C, 0x04, 0xA0, 0x23, 0x90, 0x92,
  0x93, 0x7B, 0x62, 0x0A, 0x3F, 0x00, 0x0A, 0x1F,
  0x92, 0x93, 0x7B, 0x62, 0x0A, 0x3F, 0x00, 0x0A,
  0x00, 0xA0, 0x0E, 0x92, 0x93, 0x7B, 0x62, 0x0A,
  0x3F, 0x00, 0x0A, 0x08, 0x70, 0x0A, 0x00, 0x65,
  0xA1, 0x25, 0xA0, 0x23, 0x90, 0x92, 0x93, 0x7B,
  0x63, 0x0A, 0x3F, 0x00, 0x0A, 0x1F, 0x92, 0x93,
  0x7B, 0x63, 0x0A, 0x3F, 0x00, 0x0A, 0x00, 0xA0,
  0x0E, 0x92, 0x93, 0x7B, 0x63, 0x0A, 0x3F, 0x00,
  0x0A, 0x08, 0x70, 0x0A, 0x00, 0x65, 0xA0, 0x0C,
  0x93, 0x65, 0x0A, 0x01, 0x41, 0x30, 0x31, 0x38,
  0x0A, 0x09, 0x66, 0x41, 0x30, 0x30, 0x37, 0x0B,
  0x95, 0xAA, 0xA0, 0x42, 0x12, 0x93, 0x68, 0x0A,
  0x13, 0x41, 0x30, 0x30, 0x37, 0x0B, 0x96, 0xAA,
  0x70, 0x11, 0x03, 0x0A, 0x18, 0x66, 0x8A, 0x66,
  0x0A, 0x00, 0x41, 0x30, 0x34, 0x39, 0x8A, 0x66,
  0x0A, 0x04, 0x41, 0x30, 0x35, 0x30, 0x8A, 0x66,
  0x0A, 0x08, 0x41, 0x30, 0x35, 0x31, 0x8A, 0x66,
  0x0A, 0x0C, 0x41, 0x30, 0x35, 0x32, 0x8A, 0x66,
  0x0A, 0x10, 0x41, 0x30, 0x35, 0x33, 0x8A, 0x66,
  0x0A, 0x14, 0x41, 0x30, 0x35, 0x34, 0x70, 0x0A,
  0x41, 0x41, 0x30, 0x34, 0x39, 0x70, 0x0A, 0x00,
  0x41, 0x30, 0x35, 0x30, 0x70, 0x0A, 0x00, 0x41,
  0x30, 0x35, 0x31, 0x70, 0x0A, 0x00, 0x41, 0x30,
  0x35, 0x32, 0x70, 0x0A, 0x00, 0x41, 0x30, 0x35,
  0x33, 0x70, 0x0A, 0x00, 0x41, 0x30, 0x35, 0x34,
  0x70, 0x0A, 0x01, 0x65, 0x5B, 0x23, 0x5C, 0x2E,
  0x5F, 0x53, 0x42, 0x5F, 0x41, 0x4D, 0x30, 0x30,
  0xFF, 0xFF, 0x70, 0x41, 0x30, 0x34, 0x35, 0x60,
  0x70, 0x41, 0x30, 0x34, 0x36, 0x61, 0x70, 0x41,
  0x30, 0x34, 0x37, 0x62, 0x70, 0x41, 0x30, 0x34,
  0x38, 0x63, 0x5B, 0x27, 0x5C, 0x2E, 0x5F, 0x53,
  0x42, 0x5F, 0x41, 0x4D, 0x30, 0x30, 0xA0, 0x18,
  0x90, 0x92, 0x93, 0x7B, 0x60, 0x0A, 0x3F, 0x00,
  0x0A, 0x08, 0x92, 0x93, 0x7B, 0x60, 0x0A, 0x3F,
  0x00, 0x0A, 0x00, 0x70, 0x0A, 0x00, 0x65, 0xA1,
  0x41, 0x05, 0xA0, 0x18, 0x90, 0x92, 0x93, 0x7B,
  0x61, 0x0A, 0x3F, 0x00, 0x0A, 0x08, 0x92, 0x93,
  0x7B, 0x61, 0x0A, 0x3F, 0x00, 0x0A, 0x00, 0x70,
  0x0A, 0x00, 0x65, 0xA1, 0x35, 0xA0, 0x18, 0x90,
  0x92, 0x93, 0x7B, 0x62, 0x0A, 0x3F, 0x00, 0x0A,
  0x08, 0x92, 0x93, 0x7B, 0x62, 0x0A, 0x3F, 0x00,
  0x0A, 0x00, 0x70, 0x0A, 0x00, 0x65, 0xA1, 0x1A,
  0xA0, 0x18, 0x90, 0x92, 0x93, 0x7B, 0x63, 0x0A,
  0x3F, 0x00, 0x0A, 0x08, 0x92, 0x93, 0x7B, 0x63,
  0x0A, 0x3F, 0x00, 0x0A, 0x00, 0x70, 0x0A, 0x00,
  0x65, 0xA0, 0x0C, 0x93, 0x65, 0x0A, 0x01, 0x41,
  0x30, 0x31, 0x38, 0x0A, 0x09, 0x66, 0x41, 0x30,
  0x30, 0x37, 0x0B, 0x97, 0xAA, 0xA0, 0x4C, 0x06,
  0x93, 0x68, 0x0A, 0x14, 0x70, 0x11, 0x03, 0x0A,
  0x18, 0x66, 0x8A, 0x66, 0x0A, 0x00, 0x41, 0x30,
  0x35, 0x35, 0x8A, 0x66, 0x0A, 0x04, 0x41, 0x30,
  0x35, 0x36, 0x8A, 0x66, 0x0A, 0x08, 0x41, 0x30,
  0x35, 0x37, 0x8A, 0x66, 0x0A, 0x0C, 0x41, 0x30,
  0x35, 0x38, 0x8A, 0x66, 0x0A, 0x10, 0x41, 0x30,
  0x35, 0x39, 0x8A, 0x66, 0x0A, 0x14, 0x41, 0x30,
  0x36, 0x30, 0x70, 0x69, 0x41, 0x30, 0x35, 0x35,
  0x70, 0x0A, 0x00, 0x41, 0x30, 0x35, 0x36, 0x70,
  0x0A, 0x00, 0x41, 0x30, 0x35, 0x37, 0x70, 0x0A,
  0x00, 0x41, 0x30, 0x35, 0x38, 0x70, 0x0A, 0x00,
  0x41, 0x30, 0x35, 0x39, 0x70, 0x0A, 0x00, 0x41,
  0x30, 0x36, 0x30, 0x41, 0x30, 0x31, 0x38, 0x0A,
  0x61, 0x66, 0xA0, 0x4C, 0x06, 0x93, 0x68, 0x0A,
  0x15, 0x70, 0x11, 0x03, 0x0A, 0x18, 0x66, 0x8A,
  0x66, 0x0A, 0x00, 0x41, 0x30, 0x36, 0x31, 0x8A,
  0x66, 0x0A, 0x04, 0x41, 0x30, 0x36, 0x32, 0x8A,
  0x66, 0x0A, 0x08, 0x41, 0x30, 0x36, 0x33, 0x8A,
  0x66, 0x0A, 0x0C, 0x41, 0x30, 0x36, 0x34, 0x8A,
  0x66, 0x0A, 0x10, 0x41, 0x30, 0x36, 0x35, 0x8A,
  0x66, 0x0A, 0x14, 0x41, 0x30, 0x36, 0x36, 0x70,
  0x69, 0x41, 0x30, 0x36, 0x31, 0x70, 0x0A, 0x00,
  0x41, 0x30, 0x36, 0x32, 0x70, 0x0A, 0x00, 0x41,
  0x30, 0x36, 0x33, 0x70, 0x0A, 0x00, 0x41, 0x30,
  0x36, 0x34, 0x70, 0x0A, 0x00, 0x41, 0x30, 0x36,
  0x35, 0x70, 0x0A, 0x00, 0x41, 0x30, 0x36, 0x36,
  0x41, 0x30, 0x31, 0x38, 0x0A, 0x65, 0x66, 0xA0,
  0x4A, 0x07, 0x93, 0x68, 0x0A, 0x16, 0x41, 0x30,
  0x30, 0x37, 0x0B, 0x9A, 0xAA, 0x70, 0x11, 0x03,
  0x0A, 0x18, 0x66, 0x8A, 0x66, 0x0A, 0x00, 0x41,
  0x30, 0x36, 0x37, 0x8A, 0x66, 0x0A, 0x04, 0x41,
  0x30, 0x36, 0x38, 0x8A, 0x66, 0x0A, 0x08, 0x41,
  0x30, 0x36, 0x39, 0x8A, 0x66, 0x0A, 0x0C, 0x41,
  0x30, 0x37, 0x30, 0x8A, 0x66, 0x0A, 0x10, 0x41,
  0x30, 0x37, 0x31, 0x8A, 0x66, 0x0A, 0x14, 0x41,
  0x30, 0x37, 0x32, 0x70, 0x69, 0x41, 0x30, 0x36,
  0x37, 0x70, 0x0A, 0x00, 0x41, 0x30, 0x36, 0x38,
  0x70, 0x0A, 0x00, 0x41, 0x30, 0x36, 0x39, 0x70,
  0x0A, 0x00, 0x41, 0x30, 0x37, 0x30, 0x70, 0x0A,
  0x00, 0x41, 0x30, 0x37, 0x31, 0x70, 0x0A, 0x00,
  0x41, 0x30, 0x37, 0x32, 0x41, 0x30, 0x31, 0x38,
  0x0A, 0x66, 0x66, 0x41, 0x30, 0x30, 0x37, 0x0B,
  0x9B, 0xAA, 0xA0, 0x49, 0x07, 0x93, 0x68, 0x0A,
  0xAA, 0x41, 0x30, 0x30, 0x37, 0x0B, 0x98, 0xAA,
  0x70, 0x11, 0x03, 0x0A, 0x18, 0x66, 0x8A, 0x66,
  0x0A, 0x00, 0x41, 0x30, 0x37, 0x33, 0x8A, 0x66,
  0x0A, 0x04, 0x41, 0x30, 0x37, 0x34, 0x8A, 0x66,
  0x0A, 0x08, 0x41, 0x30, 0x37, 0x35, 0x8A, 0x66,
  0x0A, 0x0C, 0x41, 0x30, 0x37, 0x36, 0x8A, 0x66,
  0x0A, 0x10, 0x41, 0x30, 0x37, 0x37, 0x8A, 0x66,
  0x0A, 0x14, 0x41, 0x30, 0x37, 0x38, 0x70, 0x0A,
  0x00, 0x41, 0x30, 0x37, 0x33, 0x70, 0x0A, 0x00,
  0x41, 0x30, 0x37, 0x34, 0x70, 0x0A, 0x00, 0x41,
  0x30, 0x37, 0x35, 0x70, 0x0A, 0x00, 0x41, 0x30,
  0x37, 0x36, 0x70, 0x0A, 0x00, 0x41, 0x30, 0x37,
  0x37, 0x70, 0x0A, 0x00, 0x41, 0x30, 0x37, 0x38,
  0x41, 0x30, 0x37, 0x39, 0x69, 0x41, 0x30, 0x30,
  0x37, 0x0B, 0x99, 0xAA, 0xA4, 0x0A, 0x00, 0x14,
  0x4E, 0x06, 0x41, 0x30, 0x32, 0x39, 0x02, 0x70,
  0x0A, 0x00, 0x60, 0xA2, 0x1E, 0x95, 0x60, 0x0A,
  0x0B, 0x70, 0x41, 0x31, 0x33, 0x30, 0x60, 0x69,
  0x61, 0xA0, 0x0E, 0x93, 0x61, 0x0A, 0x01, 0x70,
  0x41, 0x31, 0x33, 0x31, 0x60, 0x68, 0x62, 0xA5,
  0x75, 0x60, 0x70, 0x11, 0x03, 0x0A, 0x0A, 0x67,
  0x8B, 0x67, 0x0A, 0x00, 0x41, 0x30, 0x32, 0x33,
  0x8C, 0x67, 0x0A, 0x02, 0x41, 0x30, 0x38, 0x31,
  0x8C, 0x67, 0x0A, 0x03, 0x41, 0x31, 0x33, 0x32,
  0x70, 0x0A, 0x04, 0x41, 0x30, 0x32, 0x33, 0x70,
  0x0A, 0x00, 0x41, 0x30, 0x38, 0x31, 0xA0, 0x0C,
  0x93, 0x62, 0x0A, 0x00, 0x70, 0x0A, 0x00, 0x41,
  0x31, 0x33, 0x32, 0xA1, 0x08, 0x70, 0x0A, 0x01,
  0x41, 0x31, 0x33, 0x32, 0xA4, 0x67, 0x14, 0x44,
  0x0C, 0x41, 0x31, 0x33, 0x30, 0x02, 0xA0, 0x1A,
  0x93, 0x68, 0x0A, 0x00, 0xA4, 0x5C, 0x2F, 0x04,
  0x5F, 0x53, 0x42, 0x5F, 0x41, 0x57, 0x52, 0x30,
  0x41, 0x42, 0x52, 0x30, 0x41, 0x31, 0x32, 0x35,
  0x69, 0xA0, 0x1A, 0x93, 0x68, 0x0A, 0x01, 0xA4,
  0x5C, 0x2F, 0x04, 0x5F, 0x53, 0x42, 0x5F, 0x41,
  0x57, 0x52, 0x30, 0x41, 0x42, 0x52, 0x31, 0x41,
  0x31, 0x32, 0x35, 0x69, 0xA0, 0x1A, 0x93, 0x68,
  0x0A, 0x02, 0xA4, 0x5C, 0x2F, 0x04, 0x5F, 0x53,
  0x42, 0x5F, 0x41, 0x57, 0x52, 0x30, 0x41, 0x42,
  0x52, 0x32, 0x41, 0x31, 0x32, 0x35, 0x69, 0xA0,
  0x1A, 0x93, 0x68, 0x0A, 0x03, 0xA4, 0x5C, 0x2F,
  0x04, 0x5F, 0x53, 0x42, 0x5F, 0x41, 0x57, 0x52,
  0x30, 0x41, 0x42, 0x52, 0x33, 0x41, 0x31, 0x32,
  0x35, 0x69, 0xA0, 0x1A, 0x93, 0x68, 0x0A, 0x04,
  0xA4, 0x5C, 0x2F, 0x04, 0x5F, 0x53, 0x42, 0x5F,
  0x41, 0x57, 0x52, 0x30, 0x41, 0x42, 0x52, 0x34,
  0x41, 0x31, 0x32, 0x35, 0x69, 0xA0, 0x1A, 0x93,
  0x68, 0x0A, 0x05, 0xA4, 0x5C, 0x2F, 0x04, 0x5F,
  0x53, 0x42, 0x5F, 0x41, 0x57, 0x52, 0x30, 0x41,
  0x42, 0x52, 0x35, 0x41, 0x31, 0x32, 0x35, 0x69,
  0xA0, 0x1A, 0x93, 0x68, 0x0A, 0x06, 0xA4, 0x5C,
  0x2F, 0x04, 0x5F, 0x53, 0x42, 0x5F, 0x41, 0x57,
  0x52, 0x30, 0x41, 0x42, 0x52, 0x36, 0x41, 0x31,
  0x32, 0x35, 0x69, 0x14, 0x44, 0x0C, 0x41, 0x31,
  0x33, 0x31, 0x02, 0xA0, 0x1A, 0x93, 0x68, 0x0A,
  0x00, 0xA4, 0x5C, 0x2F, 0x04, 0x5F, 0x53, 0x42,
  0x5F, 0x41, 0x57, 0x52, 0x30, 0x41, 0x42, 0x52,
  0x30, 0x41, 0x31, 0x32, 0x36, 0x69, 0xA0, 0x1A,
  0x93, 0x68, 0x0A, 0x01, 0xA4, 0x5C, 0x2F, 0x04,
  0x5F, 0x53, 0x42, 0x5F, 0x41, 0x57, 0x52, 0x30,
  0x41, 0x42, 0x52, 0x31, 0x41, 0x31, 0x32, 0x36,
  0x69, 0xA0, 0x1A, 0x93, 0x68, 0x0A, 0x02, 0xA4,
  0x5C, 0x2F, 0x04, 0x5F, 0x53, 0x42, 0x5F, 0x41,
  0x57, 0x52, 0x30, 0x41, 0x42, 0x52, 0x32, 0x41,
  0x31, 0x32, 0x36, 0x69, 0xA0, 0x1A, 0x93, 0x68,
  0x0A, 0x03, 0xA4, 0x5C, 0x2F, 0x04, 0x5F, 0x53,
  0x42, 0x5F, 0x41, 0x57, 0x52, 0x30, 0x41, 0x42,
  0x52, 0x33, 0x41, 0x31, 0x32, 0x36, 0x69, 0xA0,
  0x1A, 0x93, 0x68, 0x0A, 0x04, 0xA4, 0x5C, 0x2F,
  0x04, 0x5F, 0x53, 0x42, 0x5F, 0x41, 0x57, 0x52,
  0x30, 0x41, 0x42, 0x52, 0x34, 0x41, 0x31, 0x32,
  0x36, 0x69, 0xA0, 0x1A, 0x93, 0x68, 0x0A, 0x05,
  0xA4, 0x5C, 0x2F, 0x04, 0x5F, 0x53, 0x42, 0x5F,
  0x41, 0x57, 0x52, 0x30, 0x41, 0x42, 0x52, 0x35,
  0x41, 0x31, 0x32, 0x36, 0x69, 0xA0, 0x1A, 0x93,
  0x68, 0x0A, 0x06, 0xA4, 0x5C, 0x2F, 0x04, 0x5F,
  0x53, 0x42, 0x5F, 0x41, 0x57, 0x52, 0x30, 0x41,
  0x42, 0x52, 0x36, 0x41, 0x31, 0x32, 0x36, 0x69,
  0x08, 0x41, 0x44, 0x30, 0x30, 0x0A, 0x00, 0x08,
  0x44, 0x4B, 0x30, 0x30, 0x0A, 0x00, 0x14, 0x10,
  0x41, 0x30, 0x32, 0x36, 0x01, 0x70, 0x68, 0x41,
  0x44, 0x30, 0x30, 0x41, 0x30, 0x31, 0x31, 0x14,
  0x0C, 0x41, 0x30, 0x33, 0x30, 0x01, 0x70, 0x68,
  0x44, 0x4B, 0x30, 0x30, 0x14, 0x06, 0x41, 0x30,
  0x33, 0x31, 0x05, 0x08, 0x41, 0x50, 0x30, 0x31,
  0x0A, 0x00, 0x08, 0x41, 0x50, 0x30, 0x32, 0x0A,
  0x00, 0x08, 0x41, 0x50, 0x30, 0x33, 0x0A, 0x00,
  0x08, 0x41, 0x50, 0x30, 0x35, 0x0A, 0x00, 0x08,
  0x41, 0x50, 0x30, 0x42, 0x0A, 0xFF, 0x08, 0x41,
  0x50, 0x31, 0x30, 0x0A, 0x00, 0x14, 0x44, 0x08,
  0x41, 0x30, 0x38, 0x30, 0x01, 0x70, 0x11, 0x04,
  0x0B, 0x00, 0x01, 0x67, 0x8B, 0x67, 0x0A, 0x00,
  0x41, 0x30, 0x32, 0x33, 0x70, 0x0A, 0x03, 0x41,
  0x30, 0x32, 0x33, 0x8C, 0x67, 0x0A, 0x02, 0x41,
  0x30, 0x38, 0x31, 0x70, 0x0A, 0x01, 0x41, 0x30,
  0x38, 0x31, 0xA0, 0x1C, 0x93, 0x83, 0x88, 0x5C,
  0x2E, 0x5F, 0x53, 0x42, 0x5F, 0x41, 0x44, 0x41,
  0x54, 0x0A, 0x00, 0x00, 0x0A, 0x01, 0x70, 0x0A,
  0x02, 0x41, 0x30, 0x38, 0x31, 0xA4, 0x67, 0xA0,
  0x1C, 0x93, 0x83, 0x88, 0x5C, 0x2E, 0x5F, 0x53,
  0x42, 0x5F, 0x41, 0x44, 0x41, 0x54, 0x0A, 0x00,
  0x00, 0x0A, 0x00, 0x70, 0x0A, 0x01, 0x41, 0x30,
  0x38, 0x31, 0xA4, 0x67, 0x41, 0x30, 0x38, 0x32,
  0x68, 0xA0, 0x0B, 0x92, 0x93, 0x41, 0x50, 0x30,
  0x35, 0x0A, 0x01, 0xA4, 0x67, 0x41, 0x30, 0x38,
  0x33, 0x70, 0x0A, 0x02, 0x41, 0x30, 0x38, 0x31,
  0xA4, 0x67, 0x14, 0x2F, 0x41, 0x30, 0x38, 0x34,
  0x00, 0xA0, 0x17, 0x92, 0x94, 0x83, 0x88, 0x5C,
  0x2E, 0x5F, 0x53, 0x42, 0x5F, 0x41, 0x44, 0x41,
  0x54, 0x0A, 0x00, 0x00, 0x0A, 0x01, 0xA4, 0x0A,
  0x00, 0xA0, 0x0C, 0x92, 0x93, 0x41, 0x50, 0x30,
  0x35, 0x0A, 0x01, 0xA4, 0x0A, 0x00, 0x41, 0x30,
  0x38, 0x33, 0x14, 0x13, 0x41, 0x30, 0x38, 0x35,
  0x01, 0xA0, 0x0C, 0x93, 0x68, 0x0A, 0x03, 0x70,
  0x0A, 0x00, 0x41, 0x50, 0x30, 0x31, 0x14, 0x0D,
  0x41, 0x30, 0x38, 0x36, 0x01, 0x70, 0x0A, 0x01,
  0x41, 0x50, 0x31, 0x30, 0x14, 0x47, 0x07, 0x41,
  0x30, 0x38, 0x37, 0x01, 0x70, 0x68, 0x41, 0x50,
  0x30, 0x35, 0xA0, 0x17, 0x92, 0x94, 0x83, 0x88,
  0x5C, 0x2E, 0x5F, 0x53, 0x42, 0x5F, 0x41, 0x44,
  0x41, 0x54, 0x0A, 0x00, 0x00, 0x0A, 0x01, 0xA4,
  0x0A, 0x00, 0x70, 0x41, 0x50, 0x30, 0x42, 0x61,
  0xA0, 0x20, 0x93, 0x41, 0x50, 0x30, 0x35, 0x0A,
  0x00, 0x70, 0x0A, 0x00, 0x60, 0xA2, 0x0C, 0x95,
  0x60, 0x0A, 0x0B, 0x41, 0x30, 0x38, 0x38, 0x60,
  0x75, 0x60, 0x70, 0x0A, 0x00, 0x41, 0x50, 0x30,
  0x42, 0x41, 0x30, 0x38, 0x33, 0x70, 0x61, 0x41,
  0x50, 0x30, 0x42, 0x70, 0x11, 0x04, 0x0B, 0x00,
  0x01, 0x67, 0x70, 0x0A, 0x03, 0x88, 0x67, 0x0A,
  0x00, 0x00, 0x70, 0x0A, 0x00, 0x88, 0x67, 0x0A,
  0x01, 0x00, 0x70, 0x0A, 0x00, 0x88, 0x67, 0x0A,
  0x02, 0x00, 0xA4, 0x67, 0x14, 0x1A, 0x41, 0x30,
  0x38, 0x39, 0x00, 0xA0, 0x0E, 0x92, 0x93, 0x41,
  0x50, 0x30, 0x42, 0x0A, 0xFF, 0xA4, 0x41, 0x50,
  0x30, 0x42, 0xA4, 0x41, 0x44, 0x30, 0x30, 0x14,
  0x41, 0x07, 0x41, 0x30, 0x38, 0x32, 0x01, 0x8B,
  0x68, 0x0A, 0x02, 0x41, 0x50, 0x30, 0x36, 0x8B,
  0x68, 0x0A, 0x04, 0x41, 0x50, 0x30, 0x37, 0x8B,
  0x68, 0x0A, 0x06, 0x41, 0x50, 0x30, 0x38, 0x8C,
  0x68, 0x0A, 0x08, 0x41, 0x50, 0x30, 0x39, 0x8C,
  0x68, 0x0A, 0x09, 0x41, 0x50, 0x30, 0x41, 0x70,
  0x0A, 0x00, 0x60, 0xA2, 0x3D, 0x95, 0x60, 0x0A,
  0x0B, 0xA0, 0x35, 0x93, 0x41, 0x30, 0x39, 0x30,
  0x60, 0x41, 0x50, 0x30, 0x36, 0x0A, 0x01, 0xA0,
  0x1B, 0x93, 0x7B, 0x41, 0x50, 0x30, 0x37, 0x41,
  0x50, 0x30, 0x38, 0x00, 0x0A, 0x01, 0x70, 0x41,
  0x30, 0x39, 0x31, 0x60, 0x61, 0x41, 0x30, 0x39,
  0x32, 0x60, 0x61, 0xA1, 0x0A, 0x41, 0x30, 0x39,
  0x32, 0x60, 0x41, 0x50, 0x30, 0x41, 0xA5, 0x75,
  0x60, 0x14, 0x2E, 0x41, 0x30, 0x39, 0x33, 0x00,
  0x70, 0x0A, 0x01, 0x41, 0x50, 0x30, 0x32, 0x70,
  0x0A, 0x00, 0x60, 0xA2, 0x1C, 0x95, 0x60, 0x0A,
  0x0B, 0x70, 0x41, 0x30, 0x39, 0x34, 0x60, 0x61,
  0xA0, 0x0D, 0x94, 0x61, 0x41, 0x50, 0x30, 0x32,
  0x70, 0x61, 0x41, 0x50, 0x30, 0x32, 0x75, 0x60,
  0x14, 0x2E, 0x41, 0x30, 0x39, 0x35, 0x00, 0x70,
  0x0A, 0x00, 0x41, 0x50, 0x30, 0x33, 0x70, 0x0A,
  0x00, 0x60, 0xA2, 0x1C, 0x95, 0x60, 0x0A, 0x0B,
  0x70, 0x41, 0x30, 0x39, 0x36, 0x60, 0x61, 0xA0,
  0x0D, 0x94, 0x61, 0x41, 0x50, 0x30, 0x33, 0x70,
  0x61, 0x41, 0x50, 0x30, 0x33, 0x75, 0x60, 0x14,
  0x41, 0x0A, 0x41, 0x30, 0x38, 0x33, 0x00, 0x41,
  0x30, 0x39, 0x35, 0x41, 0x30, 0x39, 0x33, 0xA0,
  0x17, 0x92, 0x93, 0x41, 0x50, 0x30, 0x32, 0x41,
  0x50, 0x30, 0x31, 0x41, 0x30, 0x31, 0x39, 0x41,
  0x50, 0x30, 0x32, 0x41, 0x50, 0x30, 0x31, 0xA0,
  0x13, 0x94, 0x41, 0x50, 0x30, 0x32, 0x41, 0x50,
  0x30, 0x31, 0x70, 0x41, 0x50, 0x30, 0x32, 0x41,
  0x50, 0x30, 0x31, 0x70, 0x0A, 0x00, 0x60, 0xA2,
  0x32, 0x95, 0x60, 0x0A, 0x0B, 0x70, 0x41, 0x30,
  0x39, 0x34, 0x60, 0x61, 0x70, 0x41, 0x30, 0x39,
  0x37, 0x60, 0x62, 0xA0, 0x0B, 0x92, 0x93, 0x61,
  0x62, 0x41, 0x30, 0x39, 0x38, 0x60, 0x61, 0xA1,
  0x10, 0xA0, 0x0E, 0x93, 0x41, 0x50, 0x31, 0x30,
  0x0A, 0x01, 0x41, 0x30, 0x39, 0x38, 0x60, 0x61,
  0x75, 0x60, 0xA0, 0x13, 0x95, 0x41, 0x50, 0x30,
  0x32, 0x41, 0x50, 0x30, 0x31, 0x70, 0x41, 0x50,
  0x30, 0x32, 0x41, 0x50, 0x30, 0x31, 0xA1, 0x13,
  0xA0, 0x11, 0x93, 0x41, 0x50, 0x31, 0x30, 0x0A,
  0x01, 0x70, 0x41, 0x50, 0x30, 0x32, 0x41, 0x50,
  0x30, 0x31, 0x70, 0x0A, 0x00, 0x41, 0x50, 0x31,
  0x30, 0x14, 0x4F, 0x0D, 0x41, 0x30, 0x39, 0x38,
  0x02, 0xA0, 0x1A, 0x93, 0x68, 0x0A, 0x00, 0xA4,
  0x5C, 0x2F, 0x04, 0x5F, 0x53, 0x42, 0x5F, 0x41,
  0x57, 0x52, 0x30, 0x41, 0x42, 0x52, 0x30, 0x41,
  0x30, 0x39, 0x39, 0x69, 0xA0, 0x1A, 0x93, 0x68,
  0x0A, 0x01, 0xA4, 0x5C, 0x2F, 0x04, 0x5F, 0x53,
  0x42, 0x5F, 0x41, 0x57, 0x52, 0x30, 0x41, 0x42,
  0x52, 0x31, 0x41, 0x30, 0x39, 0x39, 0x69, 0xA0,
  0x1A, 0x93, 0x68, 0x0A, 0x02, 0xA4, 0x5C, 0x2F,
  0x04, 0x5F, 0x53, 0x42, 0x5F, 0x41, 0x57, 0x52,
  0x30, 0x41, 0x42, 0x52, 0x32, 0x41, 0x30, 0x39,
  0x39, 0x69, 0xA0, 0x1A, 0x93, 0x68, 0x0A, 0x03,
  0xA4, 0x5C, 0x2F, 0x04, 0x5F, 0x53, 0x42, 0x5F,
  0x41, 0x57, 0x52, 0x30, 0x41, 0x42, 0x52, 0x33,
  0x41, 0x30, 0x39, 0x39, 0x69, 0xA0, 0x1A, 0x93,
  0x68, 0x0A, 0x04, 0xA4, 0x5C, 0x2F, 0x04, 0x5F,
  0x53, 0x42, 0x5F, 0x41, 0x57, 0x52, 0x30, 0x41,
  0x42, 0x52, 0x34, 0x41, 0x30, 0x39, 0x39, 0x69,
  0xA0, 0x1A, 0x93, 0x68, 0x0A, 0x05, 0xA4, 0x5C,
  0x2F, 0x04, 0x5F, 0x53, 0x42, 0x5F, 0x41, 0x57,
  0x52, 0x30, 0x41, 0x42, 0x52, 0x35, 0x41, 0x30,
  0x39, 0x39, 0x69, 0xA0, 0x1A, 0x93, 0x68, 0x0A,
  0x06, 0xA4, 0x5C, 0x2F, 0x04, 0x5F, 0x53, 0x42,
  0x5F, 0x41, 0x57, 0x52, 0x30, 0x41, 0x42, 0x52,
  0x36, 0x41, 0x30, 0x39, 0x39, 0x69, 0xA0, 0x1A,
  0x93, 0x68, 0x0A, 0x07, 0xA4, 0x5C, 0x2F, 0x04,
  0x5F, 0x53, 0x42, 0x5F, 0x41, 0x57, 0x52, 0x30,
  0x41, 0x42, 0x52, 0x37, 0x41, 0x30, 0x39, 0x39,
  0x69, 0x14, 0x47, 0x0D, 0x41, 0x30, 0x39, 0x37,
  0x01, 0xA0, 0x19, 0x93, 0x68, 0x0A, 0x00, 0xA4,
  0x5C, 0x2F, 0x04, 0x5F, 0x53, 0x42, 0x5F, 0x41,
  0x57, 0x52, 0x30, 0x41, 0x42, 0x52, 0x30, 0x41,
  0x31, 0x30, 0x30, 0xA0, 0x19, 0x93, 0x68, 0x0A,
  0x01, 0xA4, 0x5C, 0x2F, 0x04, 0x5F, 0x53, 0x42,
  0x5F, 0x41, 0x57, 0x52, 0x30, 0x41, 0x42, 0x52,
  0x31, 0x41, 0x31, 0x30, 0x30, 0xA0, 0x19, 0x93,
  0x68, 0x0A, 0x02, 0xA4, 0x5C, 0x2F, 0x04, 0x5F,
  0x53, 0x42, 0x5F, 0x41, 0x57, 0x52, 0x30, 0x41,
  0x42, 0x52, 0x32, 0x41, 0x31, 0x30, 0x30, 0xA0,
  0x19, 0x93, 0x68, 0x0A, 0x03, 0xA4, 0x5C, 0x2F,
  0x04, 0x5F, 0x53, 0x42, 0x5F, 0x41, 0x57, 0x52,
  0x30, 0x41, 0x42, 0x52, 0x33, 0x41, 0x31, 0x30,
  0x30, 0xA0, 0x19, 0x93, 0x68, 0x0A, 0x04, 0xA4,
  0x5C, 0x2F, 0x04, 0x5F, 0x53, 0x42, 0x5F, 0x41,
  0x57, 0x52, 0x30, 0x41, 0x42, 0x52, 0x34, 0x41,
  0x31, 0x30, 0x30, 0xA0, 0x19, 0x93, 0x68, 0x0A,
  0x05, 0xA4, 0x5C, 0x2F, 0x04, 0x5F, 0x53, 0x42,
  0x5F, 0x41, 0x57, 0x52, 0x30, 0x41, 0x42, 0x52,
  0x35, 0x41, 0x31, 0x30, 0x30, 0xA0, 0x19, 0x93,
  0x68, 0x0A, 0x06, 0xA4, 0x5C, 0x2F, 0x04, 0x5F,
  0x53, 0x42, 0x5F, 0x41, 0x57, 0x52, 0x30, 0x41,
  0x42, 0x52, 0x36, 0x41, 0x31, 0x30, 0x30, 0xA0,
  0x19, 0x93, 0x68, 0x0A, 0x07, 0xA4, 0x5C, 0x2F,
  0x04, 0x5F, 0x53, 0x42, 0x5F, 0x41, 0x57, 0x52,
  0x30, 0x41, 0x42, 0x52, 0x37, 0x41, 0x31, 0x30,
  0x30, 0x14, 0x47, 0x0D, 0x41, 0x30, 0x39, 0x34,
  0x01, 0xA0, 0x19, 0x93, 0x68, 0x0A, 0x00, 0xA4,
  0x5C, 0x2F, 0x04, 0x5F, 0x53, 0x42, 0x5F, 0x41,
  0x57, 0x52, 0x30, 0x41, 0x42, 0x52, 0x30, 0x41,
  0x31, 0x30, 0x31, 0xA0, 0x19, 0x93, 0x68, 0x0A,
  0x01, 0xA4, 0x5C, 0x2F, 0x04, 0x5F, 0x53, 0x42,
  0x5F, 0x41, 0x57, 0x52, 0x30, 0x41, 0x42, 0x52,
  0x31, 0x41, 0x31, 0x30, 0x31, 0xA0, 0x19, 0x93,
  0x68, 0x0A, 0x02, 0xA4, 0x5C, 0x2F, 0x04, 0x5F,
  0x53, 0x42, 0x5F, 0x41, 0x57, 0x52, 0x30, 0x41,
  0x42, 0x52, 0x32, 0x41, 0x31, 0x30, 0x31, 0xA0,
  0x19, 0x93, 0x68, 0x0A, 0x03, 0xA4, 0x5C, 0x2F,
  0x04, 0x5F, 0x53, 0x42, 0x5F, 0x41, 0x57, 0x52,
  0x30, 0x41, 0x42, 0x52, 0x33, 0x41, 0x31, 0x30,
  0x31, 0xA0, 0x19, 0x93, 0x68, 0x0A, 0x04, 0xA4,
  0x5C, 0x2F, 0x04, 0x5F, 0x53, 0x42, 0x5F, 0x41,
  0x57, 0x52, 0x30, 0x41, 0x42, 0x52, 0x34, 0x41,
  0x31, 0x30, 0x31, 0xA0, 0x19, 0x93, 0x68, 0x0A,
  0x05, 0xA4, 0x5C, 0x2F, 0x04, 0x5F, 0x53, 0x42,
  0x5F, 0x41, 0x57, 0x52, 0x30, 0x41, 0x42, 0x52,
  0x35, 0x41, 0x31, 0x30, 0x31, 0xA0, 0x19, 0x93,
  0x68, 0x0A, 0x06, 0xA4, 0x5C, 0x2F, 0x04, 0x5F,
  0x53, 0x42, 0x5F, 0x41, 0x57, 0x52, 0x30, 0x41,
  0x42, 0x52, 0x36, 0x41, 0x31, 0x30, 0x31, 0xA0,
  0x19, 0x93, 0x68, 0x0A, 0x07, 0xA4, 0x5C, 0x2F,
  0x04, 0x5F, 0x53, 0x42, 0x5F, 0x41, 0x57, 0x52,
  0x30, 0x41, 0x42, 0x52, 0x37, 0x41, 0x31, 0x30,
  0x31, 0x14, 0x47, 0x0D, 0x41, 0x30, 0x39, 0x36,
  0x01, 0xA0, 0x19, 0x93, 0x68, 0x0A, 0x00, 0xA4,
  0x5C, 0x2F, 0x04, 0x5F, 0x53, 0x42, 0x5F, 0x41,
  0x57, 0x52, 0x30, 0x41, 0x42, 0x52, 0x30, 0x41,
  0x31, 0x30, 0x32, 0xA0, 0x19, 0x93, 0x68, 0x0A,
  0x01, 0xA4, 0x5C, 0x2F, 0x04, 0x5F, 0x53, 0x42,
  0x5F, 0x41, 0x57, 0x52, 0x30, 0x41, 0x42, 0x52,
  0x31, 0x41, 0x31, 0x30, 0x32, 0xA0, 0x19, 0x93,
  0x68, 0x0A, 0x02, 0xA4, 0x5C, 0x2F, 0x04, 0x5F,
  0x53, 0x42, 0x5F, 0x41, 0x57, 0x52, 0x30, 0x41,
  0x42, 0x52, 0x32, 0x41, 0x31, 0x30, 0x32, 0xA0,
  0x19, 0x93, 0x68, 0x0A, 0x03, 0xA4, 0x5C, 0x2F,
  0x04, 0x5F, 0x53, 0x42, 0x5F, 0x41, 0x57, 0x52,
  0x30, 0x41, 0x42, 0x52, 0x33, 0x41, 0x31, 0x30,
  0x32, 0xA0, 0x19, 0x93, 0x68, 0x0A, 0x04, 0xA4,
  0x5C, 0x2F, 0x04, 0x5F, 0x53, 0x42, 0x5F, 0x41,
  0x57, 0x52, 0x30, 0x41, 0x42, 0x52, 0x34, 0x41,
  0x31, 0x30, 0x32, 0xA0, 0x19, 0x93, 0x68, 0x0A,
  0x05, 0xA4, 0x5C, 0x2F, 0x04, 0x5F, 0x53, 0x42,
  0x5F, 0x41, 0x57, 0x52, 0x30, 0x41, 0x42, 0x52,
  0x35, 0x41, 0x31, 0x30, 0x32, 0xA0, 0x19, 0x93,
  0x68, 0x0A, 0x06, 0xA4, 0x5C, 0x2F, 0x04, 0x5F,
  0x53, 0x42, 0x5F, 0x41, 0x57, 0x52, 0x30, 0x41,
  0x42, 0x52, 0x36, 0x41, 0x31, 0x30, 0x32, 0xA0,
  0x19, 0x93, 0x68, 0x0A, 0x07, 0xA4, 0x5C, 0x2F,
  0x04, 0x5F, 0x53, 0x42, 0x5F, 0x41, 0x57, 0x52,
  0x30, 0x41, 0x42, 0x52, 0x37, 0x41, 0x31, 0x30,
  0x32, 0x14, 0x47, 0x0D, 0x41, 0x30, 0x39, 0x31,
  0x01, 0xA0, 0x19, 0x93, 0x68, 0x0A, 0x00, 0xA4,
  0x5C, 0x2F, 0x04, 0x5F, 0x53, 0x42, 0x5F, 0x41,
  0x57, 0x52, 0x30, 0x41, 0x42, 0x52, 0x30, 0x41,
  0x31, 0x30, 0x33, 0xA0, 0x19, 0x93, 0x68, 0x0A,
  0x01, 0xA4, 0x5C, 0x2F, 0x04, 0x5F, 0x53, 0x42,
  0x5F, 0x41, 0x57, 0x52, 0x30, 0x41, 0x42, 0x52,
  0x31, 0x41, 0x31, 0x30, 0x33, 0xA0, 0x19, 0x93,
  0x68, 0x0A, 0x02, 0xA4, 0x5C, 0x2F, 0x04, 0x5F,
  0x53, 0x42, 0x5F, 0x41, 0x57, 0x52, 0x30, 0x41,
  0x42, 0x52, 0x32, 0x41, 0x31, 0x30, 0x33, 0xA0,
  0x19, 0x93, 0x68, 0x0A, 0x03, 0xA4, 0x5C, 0x2F,
  0x04, 0x5F, 0x53, 0x42, 0x5F, 0x41, 0x57, 0x52,
  0x30, 0x41, 0x42, 0x52, 0x33, 0x41, 0x31, 0x30,
  0x33, 0xA0, 0x19, 0x93, 0x68, 0x0A, 0x04, 0xA4,
  0x5C, 0x2F, 0x04, 0x5F, 0x53, 0x42, 0x5F, 0x41,
  0x57, 0x52, 0x30, 0x41, 0x42, 0x52, 0x34, 0x41,
  0x31, 0x30, 0x33, 0xA0, 0x19, 0x93, 0x68, 0x0A,
  0x05, 0xA4, 0x5C, 0x2F, 0x04, 0x5F, 0x53, 0x42,
  0x5F, 0x41, 0x57, 0x52, 0x30, 0x41, 0x42, 0x52,
  0x35, 0x41, 0x31, 0x30, 0x33, 0xA0, 0x19, 0x93,
  0x68, 0x0A, 0x06, 0xA4, 0x5C, 0x2F, 0x04, 0x5F,
  0x53, 0x42, 0x5F, 0x41, 0x57, 0x52, 0x30, 0x41,
  0x42, 0x52, 0x36, 0x41, 0x31, 0x30, 0x33, 0xA0,
  0x19, 0x93, 0x68, 0x0A, 0x07, 0xA4, 0x5C, 0x2F,
  0x04, 0x5F, 0x53, 0x42, 0x5F, 0x41, 0x57, 0x52,
  0x30, 0x41, 0x42, 0x52, 0x37, 0x41, 0x31, 0x30,
  0x33, 0x14, 0x4F, 0x0D, 0x41, 0x30, 0x39, 0x32,
  0x02, 0xA0, 0x1A, 0x93, 0x68, 0x0A, 0x00, 0xA4,
  0x5C, 0x2F, 0x04, 0x5F, 0x53, 0x42, 0x5F, 0x41,
  0x57, 0x52, 0x30, 0x41, 0x42, 0x52, 0x30, 0x41,
  0x31, 0x30, 0x34, 0x69, 0xA0, 0x1A, 0x93, 0x68,
  0x0A, 0x01, 0xA4, 0x5C, 0x2F, 0x04, 0x5F, 0x53,
  0x42, 0x5F, 0x41, 0x57, 0x52, 0x30, 0x41, 0x42,
  0x52, 0x31, 0x41, 0x31, 0x30, 0x34, 0x69, 0xA0,
  0x1A, 0x93, 0x68, 0x0A, 0x02, 0xA4, 0x5C, 0x2F,
  0x04, 0x5F, 0x53, 0x42, 0x5F, 0x41, 0x57, 0x52,
  0x30, 0x41, 0x42, 0x52, 0x32, 0x41, 0x31, 0x30,
  0x34, 0x69, 0xA0, 0x1A, 0x93, 0x68, 0x0A, 0x03,
  0xA4, 0x5C, 0x2F, 0x04, 0x5F, 0x53, 0x42, 0x5F,
  0x41, 0x57, 0x52, 0x30, 0x41, 0x42, 0x52, 0x33,
  0x41, 0x31, 0x30, 0x34, 0x69, 0xA0, 0x1A, 0x93,
  0x68, 0x0A, 0x04, 0xA4, 0x5C, 0x2F, 0x04, 0x5F,
  0x53, 0x42, 0x5F, 0x41, 0x57, 0x52, 0x30, 0x41,
  0x42, 0x52, 0x34, 0x41, 0x31, 0x30, 0x34, 0x69,
  0xA0, 0x1A, 0x93, 0x68, 0x0A, 0x05, 0xA4, 0x5C,
  0x2F, 0x04, 0x5F, 0x53, 0x42, 0x5F, 0x41, 0x57,
  0x52, 0x30, 0x41, 0x42, 0x52, 0x35, 0x41, 0x31,
  0x30, 0x34, 0x69, 0xA0, 0x1A, 0x93, 0x68, 0x0A,
  0x06, 0xA4, 0x5C, 0x2F, 0x04, 0x5F, 0x53, 0x42,
  0x5F, 0x41, 0x57, 0x52, 0x30, 0x41, 0x42, 0x52,
  0x36, 0x41, 0x31, 0x30, 0x34, 0x69, 0xA0, 0x1A,
  0x93, 0x68, 0x0A, 0x07, 0xA4, 0x5C, 0x2F, 0x04,
  0x5F, 0x53, 0x42, 0x5F, 0x41, 0x57, 0x52, 0x30,
  0x41, 0x42, 0x52, 0x37, 0x41, 0x31, 0x30, 0x34,
  0x69, 0x14, 0x4F, 0x0D, 0x41, 0x30, 0x39, 0x30,
  0x02, 0xA0, 0x1A, 0x93, 0x68, 0x0A, 0x00, 0xA4,
  0x5C, 0x2F, 0x04, 0x5F, 0x53, 0x42, 0x5F, 0x41,
  0x57, 0x52, 0x30, 0x41, 0x42, 0x52, 0x30, 0x41,
  0x31, 0x30, 0x35, 0x69, 0xA0, 0x1A, 0x93, 0x68,
  0x0A, 0x01, 0xA4, 0x5C, 0x2F, 0x04, 0x5F, 0x53,
  0x42, 0x5F, 0x41, 0x57, 0x52, 0x30, 0x41, 0x42,
  0x52, 0x31, 0x41, 0x31, 0x30, 0x35, 0x69, 0xA0,
  0x1A, 0x93, 0x68, 0x0A, 0x02, 0xA4, 0x5C, 0x2F,
  0x04, 0x5F, 0x53, 0x42, 0x5F, 0x41, 0x57, 0x52,
  0x30, 0x41, 0x42, 0x52, 0x32, 0x41, 0x31, 0x30,
  0x35, 0x69, 0xA0, 0x1A, 0x93, 0x68, 0x0A, 0x03,
  0xA4, 0x5C, 0x2F, 0x04, 0x5F, 0x53, 0x42, 0x5F,
  0x41, 0x57, 0x52, 0x30, 0x41, 0x42, 0x52, 0x33,
  0x41, 0x31, 0x30, 0x35, 0x69, 0xA0, 0x1A, 0x93,
  0x68, 0x0A, 0x04, 0xA4, 0x5C, 0x2F, 0x04, 0x5F,
  0x53, 0x42, 0x5F, 0x41, 0x57, 0x52, 0x30, 0x41,
  0x42, 0x52, 0x34, 0x41, 0x31, 0x30, 0x35, 0x69,
  0xA0, 0x1A, 0x93, 0x68, 0x0A, 0x05, 0xA4, 0x5C,
  0x2F, 0x04, 0x5F, 0x53, 0x42, 0x5F, 0x41, 0x57,
  0x52, 0x30, 0x41, 0x42, 0x52, 0x35, 0x41, 0x31,
  0x30, 0x35, 0x69, 0xA0, 0x1A, 0x93, 0x68, 0x0A,
  0x06, 0xA4, 0x5C, 0x2F, 0x04, 0x5F, 0x53, 0x42,
  0x5F, 0x41, 0x57, 0x52, 0x30, 0x41, 0x42, 0x52,
  0x36, 0x41, 0x31, 0x30, 0x35, 0x69, 0xA0, 0x1A,
  0x93, 0x68, 0x0A, 0x07, 0xA4, 0x5C, 0x2F, 0x04,
  0x5F, 0x53, 0x42, 0x5F, 0x41, 0x57, 0x52, 0x30,
  0x41, 0x42, 0x52, 0x37, 0x41, 0x31, 0x30, 0x35,
  0x69, 0x14, 0x47, 0x0D, 0x41, 0x30, 0x38, 0x38,
  0x01, 0xA0, 0x19, 0x93, 0x68, 0x0A, 0x00, 0xA4,
  0x5C, 0x2F, 0x04, 0x5F, 0x53, 0x42, 0x5F, 0x41,
  0x57, 0x52, 0x30, 0x41, 0x42, 0x52, 0x30, 0x41,
  0x31, 0x30, 0x36, 0xA0, 0x19, 0x93, 0x68, 0x0A,
  0x01, 0xA4, 0x5C, 0x2F, 0x04, 0x5F, 0x53, 0x42,
  0x5F, 0x41, 0x57, 0x52, 0x30, 0x41, 0x42, 0x52,
  0x31, 0x41, 0x31, 0x30, 0x36, 0xA0, 0x19, 0x93,
  0x68, 0x0A, 0x02, 0xA4, 0x5C, 0x2F, 0x04, 0x5F,
  0x53, 0x42, 0x5F, 0x41, 0x57, 0x52, 0x30, 0x41,
  0x42, 0x52, 0x32, 0x41, 0x31, 0x30, 0x36, 0xA0,
  0x19, 0x93, 0x68, 0x0A, 0x03, 0xA4, 0x5C, 0x2F,
  0x04, 0x5F, 0x53, 0x42, 0x5F, 0x41, 0x57, 0x52,
  0x30, 0x41, 0x42, 0x52, 0x33, 0x41, 0x31, 0x30,
  0x36, 0xA0, 0x19, 0x93, 0x68, 0x0A, 0x04, 0xA4,
  0x5C, 0x2F, 0x04, 0x5F, 0x53, 0x42, 0x5F, 0x41,
  0x57, 0x52, 0x30, 0x41, 0x42, 0x52, 0x34, 0x41,
  0x31, 0x30, 0x36, 0xA0, 0x19, 0x93, 0x68, 0x0A,
  0x05, 0xA4, 0x5C, 0x2F, 0x04, 0x5F, 0x53, 0x42,
  0x5F, 0x41, 0x57, 0x52, 0x30, 0x41, 0x42, 0x52,
  0x35, 0x41, 0x31, 0x30, 0x36, 0xA0, 0x19, 0x93,
  0x68, 0x0A, 0x06, 0xA4, 0x5C, 0x2F, 0x04, 0x5F,
  0x53, 0x42, 0x5F, 0x41, 0x57, 0x52, 0x30, 0x41,
  0x42, 0x52, 0x36, 0x41, 0x31, 0x30, 0x36, 0xA0,
  0x19, 0x93, 0x68, 0x0A, 0x07, 0xA4, 0x5C, 0x2F,
  0x04, 0x5F, 0x53, 0x42, 0x5F, 0x41, 0x57, 0x52,
  0x30, 0x41, 0x42, 0x52, 0x37, 0x41, 0x31, 0x30,
  0x36, 0x5B, 0x80, 0x41, 0x31, 0x36, 0x31, 0x00,
  0x41, 0x47, 0x52, 0x42, 0x0B, 0x00, 0x10, 0x5B,
  0x81, 0x0E, 0x41, 0x31, 0x36, 0x31, 0x13, 0x00,
  0x40, 0x5C, 0x41, 0x31, 0x36, 0x32, 0x20, 0x5B,
  0x87, 0x17, 0x41, 0x31, 0x36, 0x31, 0x41, 0x31,
  0x36, 0x32, 0x0C, 0x28, 0x05, 0xB1, 0x03, 0x13,
  0x00, 0x40, 0x5E, 0x41, 0x31, 0x36, 0x30, 0x20,
  0x5B, 0x87, 0x17, 0x41, 0x31, 0x36, 0x31, 0x41,
  0x31, 0x36, 0x32, 0x0C, 0x78, 0x05, 0xB1, 0x03,
  0x13, 0x00, 0x40, 0x5E, 0x41, 0x31, 0x35, 0x33,
  0x20, 0x5B, 0x87, 0x17, 0x41, 0x31, 0x36, 0x31,
  0x41, 0x31, 0x36, 0x32, 0x0C, 0x98, 0x09, 0xB1,
  0x03, 0x13, 0x00, 0x40, 0x5E, 0x41, 0x31, 0x35,
  0x34, 0x20, 0x5B, 0x87, 0x17, 0x41, 0x31, 0x36,
  0x31, 0x41, 0x31, 0x36, 0x32, 0x0C, 0x9C, 0x09,
  0xB1, 0x03, 0x13, 0x00, 0x40, 0x5E, 0x41, 0x31,
  0x35, 0x35, 0x20, 0x5B, 0x87, 0x17, 0x41, 0x31,
  0x36, 0x31, 0x41, 0x31, 0x36, 0x32, 0x0C, 0xA0,
  0x09, 0xB1, 0x03, 0x13, 0x00, 0x40, 0x5E, 0x41,
  0x31, 0x35, 0x36, 0x20, 0x5B, 0x87, 0x17, 0x41,
  0x31, 0x36, 0x31, 0x41, 0x31, 0x36, 0x32, 0x0C,
  0xA4, 0x09, 0xB1, 0x03, 0x13, 0x00, 0x40, 0x5E,
  0x41, 0x31, 0x35, 0x37, 0x20, 0x5B, 0x87, 0x17,
  0x41, 0x31, 0x36, 0x31, 0x41, 0x31, 0x36, 0x32,
  0x0C, 0xA8, 0x09, 0xB1, 0x03, 0x13, 0x00, 0x40,
  0x5E, 0x41, 0x31, 0x35, 0x38, 0x20, 0x5B, 0x87,
  0x17, 0x41, 0x31, 0x36, 0x31, 0x41, 0x31, 0x36,
  0x32, 0x0C, 0xAC, 0x09, 0xB1, 0x03, 0x13, 0x00,
  0x40, 0x5E, 0x41, 0x31, 0x35, 0x39, 0x20, 0x5B,
  0x87, 0x17, 0x41, 0x31, 0x36, 0x31, 0x41, 0x31,
  0x36, 0x32, 0x0C, 0x84, 0x00, 0xB0, 0x13, 0x13,
  0x00, 0x40, 0x5E, 0x41, 0x31, 0x33, 0x35, 0x20,
  0x5B, 0x87, 0x17, 0x41, 0x31, 0x36, 0x31, 0x41,
  0x31, 0x36, 0x32, 0x0C, 0x80, 0x02, 0x14, 0x11,
  0x13, 0x00, 0x40, 0x5E, 0x41, 0x31, 0x33, 0x36,
  0x20, 0x5B, 0x87, 0x17, 0x41, 0x31, 0x36, 0x31,
  0x41, 0x31, 0x36, 0x32, 0x0C, 0x80, 0x12, 0x14,
  0x11, 0x13, 0x00, 0x40, 0x5E, 0x41, 0x31, 0x33,
  0x37, 0x20, 0x5B, 0x87, 0x17, 0x41, 0x31, 0x36,
  0x31, 0x41, 0x31, 0x36, 0x32, 0x0C, 0x80, 0x22,
  0x14, 0x11, 0x13, 0x00, 0x40, 0x5E, 0x41, 0x31,
  0x33, 0x38, 0x20, 0x5B, 0x87, 0x17, 0x41, 0x31,
  0x36, 0x31, 0x41, 0x31, 0x36, 0x32, 0x0C, 0x80,
  0x32, 0x14, 0x11, 0x13, 0x00, 0x40, 0x5E, 0x41,
  0x31, 0x33, 0x39, 0x20, 0x5B, 0x87, 0x17, 0x41,
  0x31, 0x36, 0x31, 0x41, 0x31, 0x36, 0x32, 0x0C,
  0x80, 0x42, 0x14, 0x11, 0x13, 0x00, 0x40, 0x5E,
  0x41, 0x31, 0x34, 0x30, 0x20, 0x5B, 0x87, 0x17,
  0x41, 0x31, 0x36, 0x31, 0x41, 0x31, 0x36, 0x32,
  0x0C, 0x80, 0x02, 0x24, 0x11, 0x13, 0x00, 0x40,
  0x5E, 0x41, 0x31, 0x34, 0x31, 0x20, 0x5B, 0x87,
  0x17, 0x41, 0x31, 0x36, 0x31, 0x41, 0x31, 0x36,
  0x32, 0x0C, 0x80, 0x12, 0x24, 0x11, 0x13, 0x00,
  0x40, 0x5E, 0x41, 0x31, 0x34, 0x32, 0x20, 0x5B,
  0x87, 0x17, 0x41, 0x31, 0x36, 0x31, 0x41, 0x31,
  0x36, 0x32, 0x0C, 0x80, 0x22, 0x24, 0x11, 0x13,
  0x00, 0x40, 0x5E, 0x41, 0x31, 0x34, 0x33, 0x20,
  0x5B, 0x87, 0x17, 0x41, 0x31, 0x36, 0x31, 0x41,
  0x31, 0x36, 0x32, 0x0C, 0x80, 0x32, 0x24, 0x11,
  0x13, 0x00, 0x40, 0x5E, 0x41, 0x31, 0x34, 0x34,
  0x20, 0x5B, 0x87, 0x17, 0x41, 0x31, 0x36, 0x31,
  0x41, 0x31, 0x36, 0x32, 0x0C, 0x80, 0x42, 0x24,
  0x11, 0x13, 0x00, 0x40, 0x5E, 0x41, 0x31, 0x34,
  0x35, 0x20, 0x5B, 0x87, 0x17, 0x41, 0x31, 0x36,
  0x31, 0x41, 0x31, 0x36, 0x32, 0x0C, 0x80, 0x52,
  0x24, 0x11, 0x13, 0x00, 0x40, 0x5E, 0x41, 0x31,
  0x34, 0x36, 0x20, 0x5B, 0x87, 0x17, 0x41, 0x31,
  0x36, 0x31, 0x41, 0x31, 0x36, 0x32, 0x0C, 0x94,
  0x02, 0x14, 0x11, 0x13, 0x00, 0x40, 0x5E, 0x41,
  0x30, 0x34, 0x35, 0x20, 0x5B, 0x87, 0x17, 0x41,
  0x31, 0x36, 0x31, 0x41, 0x31, 0x36, 0x32, 0x0C,
  0x94, 0x12, 0x14, 0x11, 0x13, 0x00, 0x40, 0x5E,
  0x41, 0x30, 0x34, 0x36, 0x20, 0x5B, 0x87, 0x17,
  0x41, 0x31, 0x36, 0x31, 0x41, 0x31, 0x36, 0x32,
  0x0C, 0x94, 0x22, 0x14, 0x11, 0x13, 0x00, 0x40,
  0x5E, 0x41, 0x30, 0x34, 0x37, 0x20, 0x5B, 0x87,
  0x17, 0x41, 0x31, 0x36, 0x31, 0x41, 0x31, 0x36,
  0x32, 0x0C, 0x94, 0x32, 0x14, 0x11, 0x13, 0x00,
  0x40, 0x5E, 0x41, 0x30, 0x34, 0x38, 0x20, 0x14,
  0x40, 0x13, 0x41, 0x31, 0x33, 0x33, 0x02, 0xA0,
  0x1A, 0x93, 0x68, 0x0A, 0x00, 0xA4, 0x5C, 0x2F,
  0x04, 0x5F, 0x53, 0x42, 0x5F, 0x41, 0x57, 0x52,
  0x30, 0x41, 0x42, 0x52, 0x30, 0x41, 0x31, 0x31,
  0x34, 0x69, 0xA0, 0x1A, 0x93, 0x68, 0x0A, 0x01,
  0xA4, 0x5C, 0x2F, 0x04, 0x5F, 0x53, 0x42, 0x5F,
  0x41, 0x57, 0x52, 0x30, 0x41, 0x42, 0x52, 0x31,
  0x41, 0x31, 0x31, 0x34, 0x69, 0xA0, 0x1A, 0x93,
  0x68, 0x0A, 0x02, 0xA4, 0x5C, 0x2F, 0x04, 0x5F,
  0x53, 0x42, 0x5F, 0x41, 0x57, 0x52, 0x30, 0x41,
  0x42, 0x52, 0x32, 0x41, 0x31, 0x31, 0x34, 0x69,
  0xA0, 0x1A, 0x93, 0x68, 0x0A, 0x03, 0xA4, 0x5C,
  0x2F, 0x04, 0x5F, 0x53, 0x42, 0x5F, 0x41, 0x57,
  0x52, 0x30, 0x41, 0x42, 0x52, 0x33, 0x41, 0x31,
  0x31, 0x34, 0x69, 0xA0, 0x1A, 0x93, 0x68, 0x0A,
  0x04, 0xA4, 0x5C, 0x2F, 0x04, 0x5F, 0x53, 0x42,
  0x5F, 0x41, 0x57, 0x52, 0x30, 0x41, 0x42, 0x52,
  0x34, 0x41, 0x31, 0x31, 0x34, 0x69, 0xA0, 0x1A,
  0x93, 0x68, 0x0A, 0x05, 0xA4, 0x5C, 0x2F, 0x04,
  0x5F, 0x53, 0x42, 0x5F, 0x41, 0x57, 0x52, 0x30,
  0x41, 0x42, 0x52, 0x35, 0x41, 0x31, 0x31, 0x34,
  0x69, 0xA0, 0x1A, 0x93, 0x68, 0x0A, 0x06, 0xA4,
  0x5C, 0x2F, 0x04, 0x5F, 0x53, 0x42, 0x5F, 0x41,
  0x57, 0x52, 0x30, 0x41, 0x42, 0x52, 0x36, 0x41,
  0x31, 0x31, 0x34, 0x69, 0xA0, 0x1A, 0x93, 0x68,
  0x0A, 0x07, 0xA4, 0x5C, 0x2F, 0x04, 0x5F, 0x53,
  0x42, 0x5F, 0x41, 0x57, 0x52, 0x30, 0x41, 0x42,
  0x52, 0x37, 0x41, 0x31, 0x31, 0x34, 0x69, 0xA0,
  0x1A, 0x93, 0x68, 0x0A, 0x08, 0xA4, 0x5C, 0x2F,
  0x04, 0x5F, 0x53, 0x42, 0x5F, 0x41, 0x57, 0x52,
  0x30, 0x41, 0x42, 0x52, 0x38, 0x41, 0x31, 0x31,
  0x34, 0x69, 0xA0, 0x1A, 0x93, 0x68, 0x0A, 0x09,
  0xA4, 0x5C, 0x2F, 0x04, 0x5F, 0x53, 0x42, 0x5F,
  0x41, 0x57, 0x52, 0x30, 0x41, 0x42, 0x52, 0x39,
  0x41, 0x31, 0x31, 0x34, 0x69, 0xA0, 0x1A, 0x93,
  0x68, 0x0A, 0x0A, 0xA4, 0x5C, 0x2F, 0x04, 0x5F,
  0x53, 0x42, 0x5F, 0x41, 0x57, 0x52, 0x30, 0x41,
  0x42, 0x52, 0x41, 0x41, 0x31, 0x31, 0x34, 0x69,
  0x14, 0x4F, 0x29, 0x41, 0x31, 0x33, 0x34, 0x02,
  0x5B, 0x23, 0x5C, 0x2E, 0x5F, 0x53, 0x42, 0x5F,
  0x41, 0x4D, 0x30, 0x30, 0xFF, 0xFF, 0xA0, 0x4B,
  0x0B, 0x93, 0x69, 0x0A, 0x01, 0xA0, 0x0C, 0x93,
  0x68, 0x0A, 0x00, 0x70, 0x0C, 0x00, 0x03, 0x19,
  0x00, 0x60, 0xA0, 0x0C, 0x93, 0x68, 0x0A, 0x01,
  0x70, 0x0C, 0x00, 0x03, 0x1A, 0x00, 0x60, 0xA0,
  0x0C, 0x93, 0x68, 0x0A, 0x02, 0x70, 0x0C, 0x00,
  0x03, 0x1B, 0x00, 0x60, 0xA0, 0x0C, 0x93, 0x68,
  0x0A, 0x03, 0x70, 0x0C, 0x00, 0x03, 0x1C, 0x00,
  0x60, 0xA0, 0x0C, 0x93, 0x68, 0x0A, 0x04, 0x70,
  0x0C, 0x00, 0x03, 0x1D, 0x00, 0x60, 0xA0, 0x0C,
  0x93, 0x68, 0x0A, 0x05, 0x70, 0x0C, 0x00, 0x03,
  0x1E, 0x00, 0x60, 0xA0, 0x0C, 0x93, 0x68, 0x0A,
  0x06, 0x70, 0x0C, 0x00, 0x03, 0x1F, 0x00, 0x60,
  0xA0, 0x0C, 0x93, 0x68, 0x0A, 0x07, 0x70, 0x0C,
  0x00, 0x03, 0x09, 0x00, 0x60, 0xA0, 0x0C, 0x93,
  0x68, 0x0A, 0x08, 0x70, 0x0C, 0x00, 0x03, 0x0A,
  0x00, 0x60, 0xA0, 0x0C, 0x93, 0x68, 0x0A, 0x09,
  0x70, 0x0C, 0x00, 0x03, 0x0B, 0x00, 0x60, 0xA0,
  0x0C, 0x93, 0x68, 0x0A, 0x0A, 0x70, 0x0C, 0x00,
  0x03, 0x0C, 0x00, 0x60, 0x70, 0x41, 0x31, 0x33,
  0x35, 0x61, 0x7B, 0x0C, 0xFF, 0xFC, 0x00, 0xFF,
  0x61, 0x61, 0x7D, 0x60, 0x61, 0x41, 0x31, 0x33,
  0x35, 0x70, 0x41, 0x31, 0x33, 0x35, 0x61, 0x7B,
  0x0C, 0xFF, 0xFD, 0xFF, 0xFF, 0x61, 0x41, 0x31,
  0x33, 0x35, 0xA1, 0x41, 0x1C, 0xA0, 0x4E, 0x1B,
  0x93, 0x69, 0x0A, 0x00, 0xA0, 0x27, 0x93, 0x68,
  0x0A, 0x00, 0x70, 0x41, 0x31, 0x33, 0x36, 0x61,
  0x7D, 0x0C, 0x00, 0x00, 0x40, 0x00, 0x61, 0x41,
  0x31, 0x33, 0x36, 0x70, 0x41, 0x31, 0x33, 0x36,
  0x61, 0x7B, 0x0C, 0xFF, 0xFF, 0xBF, 0xFF, 0x61,
  0x41, 0x31, 0x33, 0x36, 0xA0, 0x27, 0x93, 0x68,
  0x0A, 0x01, 0x70, 0x41, 0x31, 0x33, 0x37, 0x61,
  0x7D, 0x0C, 0x00, 0x00, 0x40, 0x00, 0x61, 0x41,
  0x31, 0x33, 0x37, 0x70, 0x41, 0x31, 0x33, 0x37,
  0x61, 0x7B, 0x0C, 0xFF, 0xFF, 0xBF, 0xFF, 0x61,
  0x41, 0x31, 0x33, 0x37, 0xA0, 0x27, 0x93, 0x68,
  0x0A, 0x02, 0x70, 0x41, 0x31, 0x33, 0x38, 0x61,
  0x7D, 0x0C, 0x00, 0x00, 0x40, 0x00, 0x61, 0x41,
  0x31, 0x33, 0x38, 0x70, 0x41, 0x31, 0x33, 0x38,
  0x61, 0x7B, 0x0C, 0xFF, 0xFF, 0xBF, 0xFF, 0x61,
  0x41, 0x31, 0x33, 0x38, 0xA0, 0x27, 0x93, 0x68,
  0x0A, 0x03, 0x70, 0x41, 0x31, 0x33, 0x39, 0x61,
  0x7D, 0x0C, 0x00, 0x00, 0x40, 0x00, 0x61, 0x41,
  0x31, 0x33, 0x39, 0x70, 0x41, 0x31, 0x33, 0x39,
  0x61, 0x7B, 0x0C, 0xFF, 0xFF, 0xBF, 0xFF, 0x61,
  0x41, 0x31, 0x33, 0x39, 0xA0, 0x27, 0x93, 0x68,
  0x0A, 0x04, 0x70, 0x41, 0x31, 0x34, 0x30, 0x61,
  0x7D, 0x0C, 0x00, 0x00, 0x40, 0x00, 0x61, 0x41,
  0x31, 0x34, 0x30, 0x70, 0x41, 0x31, 0x34, 0x30,
  0x61, 0x7B, 0x0C, 0xFF, 0xFF, 0xBF, 0xFF, 0x61,
  0x41, 0x31, 0x34, 0x30, 0xA0, 0x27, 0x93, 0x68,
  0x0A, 0x05, 0x70, 0x41, 0x31, 0x34, 0x31, 0x61,
  0x7D, 0x0C, 0x00, 0x00, 0x40, 0x00, 0x61, 0x41,
  0x31, 0x34, 0x31, 0x70, 0x41, 0x31, 0x34, 0x31,
  0x61, 0x7B, 0x0C, 0xFF, 0xFF, 0xBF, 0xFF, 0x61,
  0x41, 0x31, 0x34, 0x31, 0xA0, 0x27, 0x93, 0x68,
  0x0A, 0x06, 0x70, 0x41, 0x31, 0x34, 0x32, 0x61,
  0x7D, 0x0C, 0x00, 0x00, 0x40, 0x00, 0x61, 0x41,
  0x31, 0x34, 0x32, 0x70, 0x41, 0x31, 0x34, 0x32,
  0x61, 0x7B, 0x0C, 0xFF, 0xFF, 0xBF, 0xFF, 0x61,
  0x41, 0x31, 0x34, 0x32, 0xA0, 0x27, 0x93, 0x68,
  0x0A, 0x07, 0x70, 0x41, 0x31, 0x34, 0x33, 0x61,
  0x7D, 0x0C, 0x00, 0x00, 0x40, 0x00, 0x61, 0x41,
  0x31, 0x34, 0x33, 0x70, 0x41, 0x31, 0x34, 0x33,
  0x61, 0x7B, 0x0C, 0xFF, 0xFF, 0xBF, 0xFF, 0x61,
  0x41, 0x31, 0x34, 0x33, 0xA0, 0x27, 0x93, 0x68,
  0x0A, 0x08, 0x70, 0x41, 0x31, 0x34, 0x34, 0x61,
  0x7D, 0x0C, 0x00, 0x00, 0x40, 0x00, 0x61, 0x41,
  0x31, 0x34, 0x34, 0x70, 0x41, 0x31, 0x34, 0x34,
  0x61, 0x7B, 0x0C, 0xFF, 0xFF, 0xBF, 0xFF, 0x61,
  0x41, 0x31, 0x34, 0x34, 0xA0, 0x27, 0x93, 0x68,
  0x0A, 0x09, 0x70, 0x41, 0x31, 0x34, 0x35, 0x61,
  0x7D, 0x0C, 0x00, 0x00, 0x40, 0x00, 0x61, 0x41,
  0x31, 0x34, 0x35, 0x70, 0x41, 0x31, 0x34, 0x35,
  0x61, 0x7B, 0x0C, 0xFF, 0xFF, 0xBF, 0xFF, 0x61,
  0x41, 0x31, 0x34, 0x35, 0xA0, 0x27, 0x93, 0x68,
  0x0A, 0x0A, 0x70, 0x41, 0x31, 0x34, 0x36, 0x61,
  0x7D, 0x0C, 0x00, 0x00, 0x40, 0x00, 0x61, 0x41,
  0x31, 0x34, 0x36, 0x70, 0x41, 0x31, 0x34, 0x36,
  0x61, 0x7B, 0x0C, 0xFF, 0xFF, 0xBF, 0xFF, 0x61,
  0x41, 0x31, 0x34, 0x36, 0x5B, 0x27, 0x5C, 0x2E,
  0x5F, 0x53, 0x42, 0x5F, 0x41, 0x4D, 0x30, 0x30,
  0x14, 0x27, 0x41, 0x30, 0x31, 0x30, 0x02, 0x70,
  0x0A, 0x00, 0x60, 0xA2, 0x1C, 0x95, 0x60, 0x0A,
  0x0B, 0x70, 0x41, 0x31, 0x33, 0x33, 0x60, 0x69,
  0x61, 0xA0, 0x0C, 0x93, 0x61, 0x0A, 0x01, 0x41,
  0x31, 0x33, 0x34, 0x60, 0x69, 0xA5, 0x75, 0x60,
  0x14, 0x47, 0x0B, 0x41, 0x30, 0x31, 0x38, 0x0A,
  0x5B, 0x23, 0x5C, 0x2E, 0x5F, 0x53, 0x42, 0x5F,
  0x41, 0x4D, 0x30, 0x30, 0xFF, 0xFF, 0x8A, 0x69,
  0x0A, 0x00, 0x41, 0x31, 0x34, 0x37, 0x8A, 0x69,
  0x0A, 0x04, 0x41, 0x31, 0x34, 0x38, 0x8A, 0x69,
  0x0A, 0x08, 0x41, 0x31, 0x34, 0x39, 0x8A, 0x69,
  0x0A, 0x0C, 0x41, 0x31, 0x35, 0x30, 0x8A, 0x69,
  0x0A, 0x10, 0x41, 0x31, 0x35, 0x31, 0x8A, 0x69,
  0x0A, 0x14, 0x41, 0x31, 0x35, 0x32, 0xA2, 0x08,
  0x93, 0x41, 0x31, 0x35, 0x33, 0x0A, 0x00, 0x70,
  0x0A, 0x00, 0x41, 0x31, 0x35, 0x33, 0xA2, 0x10,
  0x92, 0x93, 0x41, 0x31, 0x35, 0x33, 0x0A, 0x00,
  0x70, 0x0A, 0x00, 0x41, 0x31, 0x35, 0x33, 0x70,
  0x41, 0x31, 0x34, 0x37, 0x41, 0x31, 0x35, 0x34,
  0x70, 0x41, 0x31, 0x34, 0x38, 0x41, 0x31, 0x35,
  0x35, 0x70, 0x41, 0x31, 0x34, 0x39, 0x41, 0x31,
  0x35, 0x36, 0x70, 0x41, 0x31, 0x35, 0x30, 0x41,
  0x31, 0x35, 0x37, 0x70, 0x41, 0x31, 0x35, 0x31,
  0x41, 0x31, 0x35, 0x38, 0x70, 0x41, 0x31, 0x35,
  0x32, 0x41, 0x31, 0x35, 0x39, 0x70, 0x68, 0x41,
  0x31, 0x36, 0x30, 0xA2, 0x08, 0x93, 0x41, 0x31,
  0x35, 0x33, 0x0A, 0x00, 0x5B, 0x27, 0x5C, 0x2E,
  0x5F, 0x53, 0x42, 0x5F, 0x41, 0x4D, 0x30, 0x30,
  0x14, 0x4C, 0x05, 0x41, 0x31, 0x32, 0x38, 0x05,
  0x70, 0x11, 0x03, 0x0A, 0x18, 0x67, 0x8A, 0x67,
  0x0A, 0x00, 0x41, 0x30, 0x31, 0x32, 0x8A, 0x67,
  0x0A, 0x04, 0x41, 0x30, 0x31, 0x33, 0x8A, 0x67,
  0x0A, 0x08, 0x41, 0x30, 0x31, 0x34, 0x8A, 0x67,
  0x0A, 0x0C, 0x41, 0x30, 0x31, 0x35, 0x8A, 0x67,
  0x0A, 0x10, 0x41, 0x30, 0x31, 0x36, 0x8A, 0x67,
  0x0A, 0x14, 0x41, 0x30, 0x31, 0x37, 0x70, 0x68,
  0x41, 0x30, 0x31, 0x32, 0x70, 0x69, 0x41, 0x30,
  0x31, 0x33, 0x70, 0x6A, 0x41, 0x30, 0x31, 0x34,
  0x70, 0x6B, 0x41, 0x30, 0x31, 0x35, 0x41, 0x30,
  0x31, 0x38, 0x0A, 0x09, 0x67, 0x14, 0x3A, 0x41,
  0x4D, 0x4E, 0x52, 0x01, 0x5B, 0x23, 0x5C, 0x2E,
  0x5F, 0x53, 0x42, 0x5F, 0x41, 0x4D, 0x30, 0x30,
  0xFF, 0xFF, 0x5B, 0x87, 0x13, 0x41, 0x31, 0x36,
  0x31, 0x41, 0x31, 0x36, 0x32, 0x68, 0x03, 0x00,
  0x40, 0x5E, 0x41, 0x31, 0x36, 0x33, 0x20, 0x5B,
  0x27, 0x5C, 0x2E, 0x5F, 0x53, 0x42, 0x5F, 0x41,
  0x4D, 0x30, 0x30, 0xA4, 0x41, 0x31, 0x36, 0x33,
  0x14, 0x3B, 0x41, 0x4D, 0x4E, 0x57, 0x02, 0x5B,
  0x23, 0x5C, 0x2E, 0x5F, 0x53, 0x42, 0x5F, 0x41,
  0x4D, 0x30, 0x30, 0xFF, 0xFF, 0x5B, 0x87, 0x13,
  0x41, 0x31, 0x36, 0x31, 0x41, 0x31, 0x36, 0x32,
  0x68, 0x03, 0x00, 0x40, 0x5E, 0x41, 0x31, 0x36,
  0x34, 0x20, 0x70, 0x69, 0x41, 0x31, 0x36, 0x34,
  0x5B, 0x27, 0x5C, 0x2E, 0x5F, 0x53, 0x42, 0x5F,
  0x41, 0x4D, 0x30, 0x30, 0x14, 0x4D, 0x38, 0x41,
  0x30, 0x33, 0x32, 0x09, 0x8B, 0x68, 0x0A, 0x00,
  0x41, 0x31, 0x36, 0x35, 0x70, 0x11, 0x03, 0x0A,
  0x18, 0x67, 0x8A, 0x67, 0x0A, 0x00, 0x41, 0x30,
  0x31, 0x32, 0x8A, 0x67, 0x0A, 0x04, 0x41, 0x30,
  0x31, 0x33, 0x8A, 0x67, 0x0A, 0x08, 0x41, 0x30,
  0x31, 0x34, 0x8A, 0x67, 0x0A, 0x0C, 0x41, 0x30,
  0x31, 0x35, 0x8A, 0x67, 0x0A, 0x10, 0x41, 0x30,
  0x31, 0x36, 0x8A, 0x67, 0x0A, 0x14, 0x41, 0x30,
  0x31, 0x37, 0x70, 0x0A, 0x02, 0x60, 0xA2, 0x43,
  0x34, 0x95, 0x60, 0x41, 0x31, 0x36, 0x35, 0x70,
  0x83, 0x88, 0x68, 0x60, 0x00, 0x61, 0x75, 0x60,
  0x70, 0x83, 0x88, 0x68, 0x60, 0x00, 0x62, 0x75,
  0x60, 0x7D, 0x79, 0x83, 0x88, 0x68, 0x60, 0x00,
  0x0A, 0x08, 0x00, 0x62, 0x62, 0x75, 0x60, 0x7D,
  0x79, 0x83, 0x88, 0x68, 0x60, 0x00, 0x0A, 0x10,
  0x00, 0x62, 0x62, 0x75, 0x60, 0x7D, 0x79, 0x83,
  0x88, 0x68, 0x60, 0x00, 0x0A, 0x18, 0x00, 0x62,
  0x62, 0x75, 0x60, 0x70, 0x0A, 0x00, 0x41, 0x30,
  0x31, 0x32, 0x70, 0x0A, 0x00, 0x41, 0x30, 0x31,
  0x33, 0x70, 0x0A, 0x00, 0x41, 0x30, 0x31, 0x34,
  0x70, 0x0A, 0x00, 0x41, 0x30, 0x31, 0x35, 0x70,
  0x0A, 0x00, 0x41, 0x30, 0x31, 0x36, 0x70, 0x0A,
  0x00, 0x41, 0x30, 0x31, 0x37, 0xA0, 0x12, 0x93,
  0x61, 0x0A, 0x01, 0x70, 0x62, 0x41, 0x30, 0x31,
  0x32, 0x41, 0x30, 0x31, 0x38, 0x0A, 0x18, 0x67,
  0xA0, 0x12, 0x93, 0x61, 0x0A, 0x03, 0x70, 0x62,
  0x41, 0x30, 0x31, 0x32, 0x41, 0x30, 0x31, 0x38,
  0x0A, 0x19, 0x67, 0xA0, 0x12, 0x93, 0x61, 0x0A,
  0x05, 0x70, 0x62, 0x41, 0x30, 0x31, 0x32, 0x41,
  0x30, 0x31, 0x38, 0x0A, 0x14, 0x67, 0xA0, 0x12,
  0x93, 0x61, 0x0A, 0x06, 0x70, 0x62, 0x41, 0x30,
  0x31, 0x32, 0x41, 0x30, 0x31, 0x38, 0x0A, 0x15,
  0x67, 0xA0, 0x12, 0x93, 0x61, 0x0A, 0x07, 0x70,
  0x62, 0x41, 0x30, 0x31, 0x32, 0x41, 0x30, 0x31,
  0x38, 0x0A, 0x16, 0x67, 0xA0, 0x12, 0x93, 0x61,
  0x0A, 0x08, 0x70, 0x62, 0x41, 0x30, 0x31, 0x32,
  0x41, 0x30, 0x31, 0x38, 0x0A, 0x17, 0x67, 0xA0,
  0x12, 0x93, 0x61, 0x0A, 0x09, 0x70, 0x62, 0x41,
  0x30, 0x31, 0x32, 0x41, 0x30, 0x31, 0x38, 0x0A,
  0x1F, 0x67, 0xA0, 0x12, 0x93, 0x61, 0x0A, 0x0B,
  0x70, 0x62, 0x41, 0x30, 0x31, 0x32, 0x41, 0x30,
  0x31, 0x38, 0x0A, 0x1A, 0x67, 0xA0, 0x12, 0x93,
  0x61, 0x0A, 0x0C, 0x70, 0x62, 0x41, 0x30, 0x31,
  0x32, 0x41, 0x30, 0x31, 0x38, 0x0A, 0x1C, 0x67,
  0xA0, 0x12, 0x93, 0x61, 0x0A, 0x0D, 0x70, 0x62,
  0x41, 0x30, 0x31, 0x32, 0x41, 0x30, 0x31, 0x38,
  0x0A, 0x1E, 0x67, 0xA0, 0x12, 0x93, 0x61, 0x0A,
  0x0E, 0x70, 0x62, 0x41, 0x30, 0x31, 0x32, 0x41,
  0x30, 0x31, 0x38, 0x0A, 0x1B, 0x67, 0xA0, 0x2F,
  0x93, 0x83, 0x88, 0x5C, 0x2E, 0x5F, 0x53, 0x42,
  0x5F, 0x41, 0x44, 0x41, 0x54, 0x0A, 0x08, 0x00,
  0x0A, 0x01, 0xA0, 0x1B, 0x93, 0x61, 0x0A, 0x10,
  0xA0, 0x0C, 0x93, 0x62, 0x0A, 0x00, 0x41, 0x30,
  0x31, 0x38, 0x0A, 0x28, 0x67, 0xA1, 0x08, 0x41,
  0x30, 0x31, 0x38, 0x0A, 0x27, 0x67, 0xA0, 0x12,
  0x93, 0x61, 0x0A, 0x11, 0x70, 0x62, 0x41, 0x30,
  0x31, 0x32, 0x41, 0x30, 0x31, 0x38, 0x0A, 0x1D,
  0x67, 0xA0, 0x12, 0x93, 0x61, 0x0A, 0x12, 0x70,
  0x62, 0x41, 0x30, 0x31, 0x32, 0x41, 0x30, 0x31,
  0x38, 0x0A, 0x54, 0x67, 0xA0, 0x12, 0x93, 0x61,
  0x0A, 0x13, 0x70, 0x62, 0x41, 0x30, 0x31, 0x32,
  0x41, 0x30, 0x31, 0x38, 0x0A, 0x23, 0x67, 0xA0,
  0x12, 0x93, 0x61, 0x0A, 0x20, 0x70, 0x62, 0x41,
  0x30, 0x31, 0x32, 0x41, 0x30, 0x31, 0x38, 0x0A,
  0x31, 0x67, 0xA0, 0x12, 0x93, 0x61, 0x0A, 0x21,
  0x70, 0x62, 0x41, 0x30, 0x31, 0x32, 0x41, 0x30,
  0x31, 0x38, 0x0A, 0x32, 0x67, 0xA0, 0x12, 0x93,
  0x61, 0x0A, 0x22, 0x70, 0x62, 0x41, 0x30, 0x31,
  0x32, 0x41, 0x30, 0x31, 0x38, 0x0A, 0x33, 0x67,
  0xA0, 0x12, 0x93, 0x61, 0x0A, 0x23, 0x70, 0x62,
  0x41, 0x30, 0x31, 0x32, 0x41, 0x30, 0x31, 0x38,
  0x0A, 0x34, 0x67, 0xA0, 0x12, 0x93, 0x61, 0x0A,
  0x24, 0x70, 0x62, 0x41, 0x30, 0x31, 0x32, 0x41,
  0x30, 0x31, 0x38, 0x0A, 0x35, 0x67, 0xA0, 0x12,
  0x93, 0x61, 0x0A, 0x25, 0x70, 0x62, 0x41, 0x30,
  0x31, 0x32, 0x41, 0x30, 0x31, 0x38, 0x0A, 0x36,
  0x67, 0xA0, 0x12, 0x93, 0x61, 0x0A, 0x26, 0x70,
  0x62, 0x41, 0x30, 0x31, 0x32, 0x41, 0x30, 0x31,
  0x38, 0x0A, 0x37, 0x67, 0xA0, 0x12, 0x93, 0x61,
  0x0A, 0x27, 0x70, 0x62, 0x41, 0x30, 0x31, 0x32,
  0x41, 0x30, 0x31, 0x38, 0x0A, 0x38, 0x67, 0xA0,
  0x12, 0x93, 0x61, 0x0A, 0x28, 0x70, 0x62, 0x41,
  0x30, 0x31, 0x32, 0x41, 0x30, 0x31, 0x38, 0x0A,
  0x39, 0x67, 0xA0, 0x12, 0x93, 0x61, 0x0A, 0x29,
  0x70, 0x62, 0x41, 0x30, 0x31, 0x32, 0x41, 0x30,
  0x31, 0x38, 0x0A, 0x3A, 0x67, 0xA0, 0x12, 0x93,
  0x61, 0x0A, 0x2A, 0x70, 0x62, 0x41, 0x30, 0x31,
  0x32, 0x41, 0x30, 0x31, 0x38, 0x0A, 0x3B, 0x67,
  0xA0, 0x12, 0x93, 0x61, 0x0A, 0x2B, 0x70, 0x62,
  0x41, 0x30, 0x31, 0x32, 0x41, 0x30, 0x31, 0x38,
  0x0A, 0x3C, 0x67, 0xA0, 0x12, 0x93, 0x61, 0x0A,
  0x2C, 0x70, 0x62, 0x41, 0x30, 0x31, 0x32, 0x41,
  0x30, 0x31, 0x38, 0x0A, 0x3D, 0x67, 0xA0, 0x12,
  0x93, 0x61, 0x0A, 0x2D, 0x70, 0x62, 0x41, 0x30,
  0x31, 0x32, 0x41, 0x30, 0x31, 0x38, 0x0A, 0x3E,
  0x67, 0xA0, 0x12, 0x93, 0x61, 0x0A, 0x2E, 0x70,
  0x62, 0x41, 0x30, 0x31, 0x32, 0x41, 0x30, 0x31,
  0x38, 0x0A, 0x4A, 0x67, 0xA0, 0x47, 0x05, 0x93,
  0x61, 0x0A, 0x30, 0x70, 0x62, 0x41, 0x30, 0x31,
  0x32, 0x41, 0x30, 0x31, 0x38, 0x0A, 0x55, 0x67,
  0x5B, 0x23, 0x5C, 0x2E, 0x5F, 0x53, 0x42, 0x5F,
  0x41, 0x4D, 0x30, 0x30, 0xFF, 0xFF, 0x70, 0x11,
  0x03, 0x0A, 0x08, 0x63, 0x8A, 0x63, 0x0A, 0x00,
  0x41, 0x31, 0x36, 0x36, 0x8A, 0x63, 0x0A, 0x04,
  0x41, 0x31, 0x36, 0x37, 0x70, 0x41, 0x31, 0x35,
  0x34, 0x41, 0x31, 0x36, 0x36, 0x70, 0x41, 0x31,
  0x35, 0x35, 0x41, 0x31, 0x36, 0x37, 0x5B, 0x27,
  0x5C, 0x2E, 0x5F, 0x53, 0x42, 0x5F, 0x41, 0x4D,
  0x30, 0x30, 0xA4, 0x63, 0xA0, 0x12, 0x93, 0x61,
  0x0A, 0x31, 0x70, 0x62, 0x41, 0x30, 0x31, 0x32,
  0x41, 0x30, 0x31, 0x38, 0x0A, 0x56, 0x67, 0xA0,
  0x12, 0x93, 0x61, 0x0A, 0x32, 0x70, 0x62, 0x41,
  0x30, 0x31, 0x32, 0x41, 0x30, 0x31, 0x38, 0x0A,
  0x20, 0x67, 0x5B, 0x82, 0x85, 0x86, 0x05, 0x41,
  0x57, 0x52, 0x30, 0x08, 0x5F, 0x48, 0x49, 0x44,
  0x0C, 0x41, 0xD0, 0x0C, 0x02, 0x08, 0x5F, 0x55,
  0x49, 0x44, 0x0A, 0x90, 0x5B, 0x82, 0x45, 0x80,
  0x41, 0x42, 0x52, 0x30, 0x08, 0x5F, 0x48, 0x49,
  0x44, 0x0C, 0x41, 0xD0, 0x0C, 0x02, 0x08, 0x5F,
  0x55, 0x49, 0x44, 0x0A, 0x80, 0x08, 0x41, 0x42,
  0x31, 0x32, 0x0A, 0x20, 0x08, 0x41, 0x42, 0x30,
  0x30, 0x0A, 0x00, 0x08, 0x41, 0x42, 0x30, 0x31,
  0x0A, 0x00, 0x08, 0x41, 0x42, 0x30, 0x45, 0x0A,
  0x00, 0x08, 0x41, 0x42, 0x30, 0x32, 0x0A, 0x00,
  0x08, 0x41, 0x42, 0x30, 0x33, 0x0A, 0x00, 0x08,
  0x41, 0x42, 0x30, 0x34, 0x0A, 0x00, 0x08, 0x41,
  0x42, 0x30, 0x35, 0x0A, 0x00, 0x08, 0x41, 0x42,
  0x30, 0x36, 0x0A, 0x00, 0x08, 0x41, 0x42, 0x30,
  0x37, 0x0A, 0x00, 0x08, 0x41, 0x42, 0x30, 0x38,
  0x0A, 0x00, 0x08, 0x41, 0x42, 0x30, 0x39, 0x0A,
  0x00, 0x08, 0x41, 0x42, 0x30, 0x41, 0x0A, 0x00,
  0x08, 0x41, 0x42, 0x30, 0x42, 0x0A, 0x00, 0x08,
  0x41, 0x42, 0x30, 0x43, 0x0A, 0x00, 0x08, 0x41,
  0x42, 0x30, 0x44, 0x0A, 0x00, 0x5B, 0x80, 0x41,
  0x31, 0x31, 0x38, 0x00, 0x72, 0x41, 0x47, 0x52,
  0x42, 0x7D, 0x79, 0x83, 0x88, 0x5C, 0x2E, 0x5F,
  0x53, 0x42, 0x5F, 0x41, 0x44, 0x41, 0x54, 0x72,
  0x41, 0x42, 0x31, 0x32, 0x0A, 0x0D, 0x00, 0x00,
  0x0A, 0x0F, 0x00, 0x79, 0x83, 0x88, 0x5C, 0x2E,
  0x5F, 0x53, 0x42, 0x5F, 0x41, 0x44, 0x41, 0x54,
  0x72, 0x41, 0x42, 0x31, 0x32, 0x0A, 0x0E, 0x00,
  0x00, 0x0A, 0x0C, 0x00, 0x00, 0x00, 0x0B, 0x00,
  0x10, 0x5B, 0x81, 0x42, 0x04, 0x41, 0x31, 0x31,
  0x38, 0x01, 0x00, 0x40, 0x0C, 0x00, 0x08, 0x41,
  0x31, 0x31, 0x32, 0x08, 0x41, 0x31, 0x31, 0x33,
  0x08, 0x00, 0x48, 0x26, 0x41, 0x31, 0x31, 0x39,
  0x02, 0x00, 0x02, 0x41, 0x31, 0x32, 0x30, 0x01,
  0x41, 0x31, 0x32, 0x31, 0x01, 0x00, 0x0A, 0x00,
  0x0B, 0x41, 0x31, 0x32, 0x32, 0x01, 0x00, 0x44,
  0x0E, 0x41, 0x31, 0x32, 0x33, 0x04, 0x00, 0x01,
  0x41, 0x31, 0x32, 0x34, 0x01, 0x08, 0x41, 0x42,
  0x31, 0x30, 0x0A, 0x00, 0x14, 0x4D, 0x18, 0x5F,
  0x49, 0x4E, 0x49, 0x00, 0x70, 0x83, 0x88, 0x5C,
  0x2E, 0x5F, 0x53, 0x42, 0x5F, 0x41, 0x44, 0x41,
  0x54, 0x72, 0x41, 0x42, 0x31, 0x32, 0x0A, 0x00,
  0x00, 0x00, 0x41, 0x42, 0x30, 0x30, 0x70, 0x83,
  0x88, 0x5C, 0x2E, 0x5F, 0x53, 0x42, 0x5F, 0x41,
  0x44, 0x41, 0x54, 0x72, 0x41, 0x42, 0x31, 0x32,
  0x0A, 0x01, 0x00, 0x00, 0x41, 0x42, 0x30, 0x45,
  0x70, 0x83, 0x88, 0x5C, 0x2E, 0x5F, 0x53, 0x42,
  0x5F, 0x41, 0x44, 0x41, 0x54, 0x72, 0x41, 0x42,
  0x31, 0x32, 0x0A, 0x02, 0x00, 0x00, 0x41, 0x42,
  0x30, 0x31, 0x70, 0x83, 0x88, 0x5C, 0x2E, 0x5F,
  0x53, 0x42, 0x5F, 0x41, 0x44, 0x41, 0x54, 0x72,
  0x41, 0x42, 0x31, 0x32, 0x0A, 0x03, 0x00, 0x00,
  0x41, 0x42, 0x30, 0x32, 0x70, 0x83, 0x88, 0x5C,
  0x2E, 0x5F, 0x53, 0x42, 0x5F, 0x41, 0x44, 0x41,
  0x54, 0x72, 0x41, 0x42, 0x31, 0x32, 0x0A, 0x04,
  0x00, 0x00, 0x41, 0x42, 0x30, 0x33, 0x70, 0x83,
  0x88, 0x5C, 0x2E, 0x5F, 0x53, 0x42, 0x5F, 0x41,
  0x44, 0x41, 0x54, 0x72, 0x41, 0x42, 0x31, 0x32,
  0x0A, 0x05, 0x00, 0x00, 0x41, 0x42, 0x30, 0x34,
  0x70, 0x83, 0x88, 0x5C, 0x2E, 0x5F, 0x53, 0x42,
  0x5F, 0x41, 0x44, 0x41, 0x54, 0x72, 0x41, 0x42,
  0x31, 0x32, 0x0A, 0x06, 0x00, 0x00, 0x41, 0x42,
  0x30, 0x35, 0x70, 0x83, 0x88, 0x5C, 0x2E, 0x5F,
  0x53, 0x42, 0x5F, 0x41, 0x44, 0x41, 0x54, 0x72,
  0x41, 0x42, 0x31, 0x32, 0x0A, 0x07, 0x00, 0x00,
  0x41, 0x42, 0x30, 0x36, 0x70, 0x83, 0x88, 0x5C,
  0x2E, 0x5F, 0x53, 0x42, 0x5F, 0x41, 0x44, 0x41,
  0x54, 0x72, 0x41, 0x42, 0x31, 0x32, 0x0A, 0x08,
  0x00, 0x00, 0x41, 0x42, 0x30, 0x37, 0x70, 0x83,
  0x88, 0x5C, 0x2E, 0x5F, 0x53, 0x42, 0x5F, 0x41,
  0x44, 0x41, 0x54, 0x72, 0x41, 0x42, 0x31, 0x32,
  0x0A, 0x09, 0x00, 0x00, 0x41, 0x42, 0x30, 0x38,
  0x70, 0x83, 0x88, 0x5C, 0x2E, 0x5F, 0x53, 0x42,
  0x5F, 0x41, 0x44, 0x41, 0x54, 0x72, 0x41, 0x42,
  0x31, 0x32, 0x0A, 0x0A, 0x00, 0x00, 0x41, 0x42,
  0x30, 0x39, 0x70, 0x83, 0x88, 0x5C, 0x2E, 0x5F,
  0x53, 0x42, 0x5F, 0x41, 0x44, 0x41, 0x54, 0x72,
  0x41, 0x42, 0x31, 0x32, 0x0A, 0x0B, 0x00, 0x00,
  0x41, 0x42, 0x30, 0x41, 0x70, 0x83, 0x88, 0x5C,
  0x2E, 0x5F, 0x53, 0x42, 0x5F, 0x41, 0x44, 0x41,
  0x54, 0x72, 0x41, 0x42, 0x31, 0x32, 0x0A, 0x0C,
  0x00, 0x00, 0x41, 0x42, 0x30, 0x42, 0x70, 0x83,
  0x88, 0x5C, 0x2E, 0x5F, 0x53, 0x42, 0x5F, 0x41,
  0x44, 0x41, 0x54, 0x72, 0x41, 0x42, 0x31, 0x32,
  0x0A, 0x0D, 0x00, 0x00, 0x41, 0x42, 0x30, 0x43,
  0x70, 0x83, 0x88, 0x5C, 0x2E, 0x5F, 0x53, 0x42,
  0x5F, 0x41, 0x44, 0x41, 0x54, 0x72, 0x41, 0x42,
  0x31, 0x32, 0x0A, 0x0E, 0x00, 0x00, 0x41, 0x42,
  0x30, 0x44, 0x14, 0x22, 0x41, 0x31, 0x30, 0x37,
  0x00, 0x70, 0x41, 0x30, 0x38, 0x39, 0x60, 0xA0,
  0x0A, 0x93, 0x60, 0x0A, 0x01, 0xA4, 0x41, 0x42,
  0x30, 0x31, 0xA0, 0x0A, 0x93, 0x60, 0x0A, 0x00,
  0xA4, 0x41, 0x42, 0x30, 0x45, 0x14, 0x1F, 0x41,
  0x31, 0x30, 0x32, 0x00, 0xA0, 0x15, 0x92, 0x93,
  0x41, 0x42, 0x31, 0x30, 0x0A, 0x00, 0xA0, 0x0B,
  0x93, 0x41, 0x42, 0x31, 0x30, 0x0A, 0x01, 0xA4,
  0x0A, 0x01, 0xA4, 0x0A, 0x00, 0x14, 0x2A, 0x41,
  0x31, 0x30, 0x38, 0x00, 0xA0, 0x0E, 0x92, 0x93,
  0x41, 0x42, 0x30, 0x35, 0x0A, 0x00, 0xA4, 0x41,
  0x42, 0x30, 0x35, 0xA0, 0x11, 0x94, 0x41, 0x42,
  0x31, 0x30, 0x0A, 0x01, 0xA4, 0x74, 0x41, 0x42,
  0x31, 0x30, 0x0A, 0x01, 0x00, 0xA4, 0x0A, 0x00,
  0x14, 0x49, 0x07, 0x41, 0x31, 0x30, 0x31, 0x00,
  0xA0, 0x22, 0x93, 0x5C, 0x2E, 0x5F, 0x53, 0x42,
  0x5F, 0x41, 0x50, 0x30, 0x35, 0x0A, 0x00, 0xA0,
  0x0E, 0x92, 0x93, 0x41, 0x42, 0x30, 0x35, 0x0A,
  0x00, 0xA4, 0x41, 0x42, 0x30, 0x35, 0xA4, 0x41,
  0x42, 0x30, 0x45, 0x70, 0x41, 0x31, 0x30, 0x38,
  0x60, 0xA0, 0x17, 0x92, 0x93, 0x60, 0x0A, 0x00,
  0xA0, 0x0C, 0x94, 0x60, 0x41, 0x42, 0x30, 0x30,
  0xA4, 0x41, 0x42, 0x30, 0x30, 0xA1, 0x03, 0xA4,
  0x60, 0x70, 0x41, 0x31, 0x30, 0x37, 0x60, 0xA0,
  0x28, 0x92, 0x93, 0x5C, 0x2E, 0x5F, 0x53, 0x42,
  0x5F, 0x41, 0x50, 0x30, 0x33, 0x0A, 0x00, 0xA0,
  0x18, 0x95, 0x5C, 0x2E, 0x5F, 0x53, 0x42, 0x5F,
  0x41, 0x50, 0x30, 0x33, 0x60, 0xA4, 0x5C, 0x2E,
  0x5F, 0x53, 0x42, 0x5F, 0x41, 0x50, 0x30, 0x33,
  0xA4, 0x60, 0x14, 0x0B, 0x41, 0x31, 0x30, 0x30,
  0x00, 0xA4, 0x41, 0x42, 0x30, 0x32, 0x14, 0x0B,
  0x41, 0x31, 0x30, 0x33, 0x00, 0xA4, 0x41, 0x42,
  0x30, 0x30, 0x14, 0x30, 0x41, 0x30, 0x39, 0x39,
  0x01, 0x70, 0x68, 0x41, 0x42, 0x30, 0x32, 0x41,
  0x31, 0x30, 0x39, 0x68, 0xA0, 0x09, 0x92, 0x93,
  0x41, 0x42, 0x31, 0x30, 0x0A, 0x00, 0xA1, 0x01,
  0x41, 0x31, 0x31, 0x30, 0x0A, 0x00, 0x08, 0x41,
  0x31, 0x31, 0x31, 0x0A, 0x00, 0x41, 0x31, 0x31,
  0x30, 0x0A, 0x01, 0x14, 0x0C, 0x41, 0x31, 0x30,
  0x34, 0x01, 0x70, 0x68, 0x41, 0x42, 0x31, 0x30,
  0x14, 0x22, 0x41, 0x31, 0x30, 0x35, 0x01, 0x7A,
  0x68, 0x0A, 0x08, 0x60, 0xA0, 0x13, 0x90, 0x92,
  0x95, 0x60, 0x41, 0x31, 0x31, 0x32, 0x92, 0x94,
  0x60, 0x41, 0x31, 0x31, 0x33, 0xA4, 0x0A, 0x01,
  0xA4, 0x0A, 0x00, 0x14, 0x1F, 0x41, 0x31, 0x31,
  0x34, 0x01, 0x7D, 0x41, 0x42, 0x30, 0x44, 0x79,
  0x41, 0x42, 0x30, 0x43, 0x0A, 0x03, 0x00, 0x60,
  0xA0, 0x07, 0x93, 0x68, 0x60, 0xA4, 0x0A, 0x01,
  0xA4, 0x0A, 0x00, 0x14, 0x0D, 0x41, 0x31, 0x30,
  0x36, 0x00, 0x70, 0x0A, 0x00, 0x41, 0x42, 0x31,
  0x30, 0x14, 0x25, 0x41, 0x31, 0x30, 0x39, 0x01,
  0xA0, 0x06, 0x92, 0x95, 0x68, 0x0A, 0x02, 0xA0,
  0x06, 0x92, 0x95, 0x68, 0x0A, 0x03, 0xA0, 0x0E,
  0x93, 0x68, 0x0A, 0x01, 0xA0, 0x08, 0x93, 0x41,
  0x42, 0x30, 0x34, 0x0A, 0x01, 0xA1, 0x01, 0x14,
  0x4D, 0x0F, 0x41, 0x31, 0x31, 0x35, 0x01, 0x70,
  0x0A, 0x00, 0x60, 0x70, 0x41, 0x31, 0x31, 0x36,
  0x60, 0x0A, 0x00, 0x61, 0x70, 0x41, 0x31, 0x31,
  0x36, 0x60, 0x0A, 0x08, 0x62, 0xA0, 0x4F, 0x0D,
  0x92, 0x93, 0x61, 0x0C, 0xFF, 0xFF, 0xFF, 0xFF,
  0x7B, 0x7A, 0x61, 0x0A, 0x10, 0x00, 0x0B, 0xFF,
  0xFF, 0x63, 0x7B, 0x61, 0x0B, 0xFF, 0xFF, 0x61,
  0x7B, 0x7A, 0x62, 0x0A, 0x18, 0x00, 0x0A, 0xFF,
  0x62, 0xA0, 0x4B, 0x0B, 0x93, 0x62, 0x0A, 0x03,
  0xA0, 0x44, 0x0B, 0x91, 0x93, 0x61, 0x0B, 0x02,
  0x10, 0x93, 0x61, 0x0B, 0x22, 0x10, 0x70, 0x0A,
  0x10, 0x60, 0xA2, 0x42, 0x0A, 0x95, 0x60, 0x0A,
  0x30, 0x70, 0x41, 0x31, 0x31, 0x36, 0x0A, 0x00,
  0x60, 0x64, 0x70, 0x0A, 0x00, 0x65, 0xA0, 0x48,
  0x07, 0x90, 0x93, 0x7B, 0x64, 0x0A, 0x09, 0x00,
  0x0A, 0x00, 0x92, 0x93, 0x64, 0x0A, 0x00, 0xA0,
  0x17, 0x93, 0x7B, 0x64, 0x0A, 0x06, 0x00, 0x0A,
  0x04, 0x72, 0x60, 0x0A, 0x04, 0x60, 0x70, 0x41,
  0x31, 0x31, 0x36, 0x0A, 0x00, 0x60, 0x65, 0xA0,
  0x34, 0x92, 0x93, 0x68, 0x0A, 0x00, 0x41, 0x31,
  0x31, 0x37, 0x0A, 0x25, 0x7B, 0x64, 0x0C, 0xF0,
  0xFF, 0xFF, 0xFF, 0x00, 0x0A, 0x00, 0x41, 0x31,
  0x31, 0x37, 0x0A, 0x26, 0x65, 0x0A, 0x00, 0x41,
  0x31, 0x31, 0x37, 0x0A, 0x28, 0x0A, 0x00, 0x0A,
  0x00, 0x41, 0x31, 0x31, 0x37, 0x0A, 0x27, 0x0A,
  0x00, 0x0A, 0x00, 0xA5, 0xA1, 0x1A, 0x41, 0x31,
  0x31, 0x37, 0x0A, 0x28, 0x0A, 0x00, 0x0A, 0x00,
  0x41, 0x31, 0x31, 0x37, 0x0A, 0x07, 0x0A, 0x00,
  0x79, 0x0A, 0x01, 0x0A, 0x0A, 0x00, 0xA5, 0xA1,
  0x10, 0xA0, 0x0E, 0x93, 0x7B, 0x64, 0x0A, 0x06,
  0x00, 0x0A, 0x04, 0x72, 0x60, 0x0A, 0x04, 0x60,
  0x72, 0x60, 0x0A, 0x04, 0x60, 0x14, 0x42, 0x05,
  0x41, 0x31, 0x32, 0x39, 0x02, 0xA0, 0x11, 0x93,
  0x41, 0x31, 0x31, 0x36, 0x68, 0x0A, 0x00, 0x0C,
  0xFF, 0xFF, 0xFF, 0xFF, 0xA4, 0x0A, 0x00, 0x70,
  0x41, 0x31, 0x31, 0x36, 0x68, 0x0A, 0x34, 0x60,
  0xA2, 0x2F, 0x0A, 0x01, 0x70, 0x41, 0x31, 0x31,
  0x36, 0x68, 0x7B, 0x60, 0x0A, 0xFF, 0x00, 0x61,
  0xA0, 0x0E, 0x93, 0x7B, 0x61, 0x0A, 0xFF, 0x00,
  0x69, 0xA4, 0x7B, 0x60, 0x0A, 0xFF, 0x00, 0x7B,
  0x7A, 0x61, 0x0A, 0x08, 0x00, 0x0A, 0xFF, 0x60,
  0xA0, 0x07, 0x93, 0x60, 0x0A, 0x00, 0xA4, 0x60,
  0x08, 0x41, 0x45, 0x53, 0x50, 0x12, 0x12, 0x08,
  0x0A, 0x00, 0x0A, 0x00, 0x0A, 0x00, 0x0A, 0x00,
  0x0A, 0x00, 0x0A, 0x00, 0x0A, 0x00, 0x0A, 0x00,
  0x14, 0x47, 0x09, 0x41, 0x31, 0x31, 0x30, 0x01,
  0x70, 0x0A, 0x00, 0x60, 0xA0, 0x49, 0x08, 0x92,
  0x93, 0x41, 0x31, 0x31, 0x36, 0x60, 0x0A, 0x00,
  0x0C, 0xFF, 0xFF, 0xFF, 0xFF, 0x7B, 0x41, 0x31,
  0x31, 0x36, 0x60, 0x0A, 0x08, 0x0A, 0x80, 0x61,
  0xA0, 0x09, 0x93, 0x61, 0x0A, 0x80, 0x70, 0x0A,
  0x07, 0x67, 0xA1, 0x05, 0x70, 0x0A, 0x00, 0x67,
  0xA2, 0x4D, 0x05, 0x92, 0x94, 0x60, 0x67, 0x70,
  0x41, 0x31, 0x32, 0x39, 0x60, 0x0A, 0x10, 0x61,
  0xA0, 0x08, 0x93, 0x61, 0x0A, 0x00, 0x75, 0x60,
  0x9F, 0xA0, 0x2B, 0x93, 0x68, 0x0A, 0x00, 0x70,
  0x41, 0x31, 0x31, 0x36, 0x60, 0x72, 0x61, 0x0A,
  0x10, 0x00, 0x62, 0x41, 0x31, 0x32, 0x37, 0x60,
  0x72, 0x61, 0x0A, 0x10, 0x00, 0x7B, 0x62, 0x80,
  0x0A, 0x03, 0x00, 0x00, 0x70, 0x62, 0x88, 0x41,
  0x45, 0x53, 0x50, 0x60, 0x00, 0xA1, 0x16, 0x70,
  0x83, 0x88, 0x41, 0x45, 0x53, 0x50, 0x60, 0x00,
  0x62, 0x41, 0x31, 0x32, 0x37, 0x60, 0x72, 0x61,
  0x0A, 0x10, 0x00, 0x62, 0x75, 0x60, 0xA1, 0x01,
  0x14, 0x3D, 0x41, 0x31, 0x32, 0x37, 0x0B, 0x72,
  0x41, 0x47, 0x52, 0x42, 0x79, 0x41, 0x31, 0x31,
  0x33, 0x0A, 0x14, 0x00, 0x60, 0x72, 0x60, 0x79,
  0x68, 0x0A, 0x0C, 0x00, 0x60, 0x72, 0x60, 0x69,
  0x60, 0x5B, 0x80, 0x41, 0x44, 0x52, 0x42, 0x00,
  0x60, 0x0A, 0x04, 0x5B, 0x81, 0x0B, 0x41, 0x44,
  0x52, 0x42, 0x03, 0x41, 0x44, 0x52, 0x52, 0x20,
  0x70, 0x6A, 0x41, 0x44, 0x52, 0x52, 0x14, 0x3C,
  0x41, 0x31, 0x31, 0x36, 0x0A, 0x72, 0x41, 0x47,
  0x52, 0x42, 0x79, 0x41, 0x31, 0x31, 0x33, 0x0A,
  0x14, 0x00, 0x60, 0x72, 0x60, 0x79, 0x68, 0x0A,
  0x0C, 0x00, 0x60, 0x72, 0x60, 0x69, 0x60, 0x5B,
  0x80, 0x41, 0x44, 0x52, 0x42, 0x00, 0x60, 0x0A,
  0x04, 0x5B, 0x81, 0x0B, 0x41, 0x44, 0x52, 0x42,
  0x03, 0x41, 0x44, 0x52, 0x52, 0x20, 0xA4, 0x41,
  0x44, 0x52, 0x52, 0x14, 0x19, 0x41, 0x31, 0x32,
  0x35, 0x01, 0xA0, 0x0C, 0x92, 0x93, 0x41, 0x42,
  0x30, 0x42, 0x0A, 0x01, 0xA4, 0x0A, 0x00, 0xA4,
  0x41, 0x31, 0x31, 0x34, 0x68, 0x14, 0x45, 0x11,
  0x41, 0x31, 0x32, 0x36, 0x01, 0x08, 0x41, 0x31,
  0x31, 0x31, 0x0A, 0x00, 0x70, 0x0A, 0x00, 0x62,
  0x70, 0x41, 0x31, 0x31, 0x39, 0x41, 0x31, 0x31,
  0x31, 0x7D, 0x41, 0x42, 0x30, 0x44, 0x79, 0x41,
  0x42, 0x30, 0x43, 0x0A, 0x03, 0x00, 0x61, 0xA0,
  0x10, 0x93, 0x68, 0x0A, 0x01, 0x70, 0x0A, 0x00,
  0x41, 0x31, 0x32, 0x30, 0x70, 0x0A, 0x01, 0x60,
  0xA1, 0x4D, 0x05, 0x41, 0x31, 0x31, 0x30, 0x0A,
  0x00, 0x70, 0x41, 0x31, 0x31, 0x36, 0x0A, 0x00,
  0x0A, 0x04, 0x60, 0xA0, 0x3B, 0x92, 0x93, 0x60,
  0x0C, 0xFF, 0xFF, 0xFF, 0xFF, 0x41, 0x31, 0x32,
  0x37, 0x0A, 0x00, 0x0A, 0x04, 0x7B, 0x60, 0x80,
  0x0A, 0x04, 0x00, 0x00, 0x70, 0x41, 0x31, 0x31,
  0x36, 0x0A, 0x01, 0x0A, 0x04, 0x60, 0xA0, 0x18,
  0x92, 0x93, 0x60, 0x0C, 0xFF, 0xFF, 0xFF, 0xFF,
  0x41, 0x31, 0x32, 0x37, 0x0A, 0x01, 0x0A, 0x04,
  0x7B, 0x60, 0x80, 0x0A, 0x04, 0x00, 0x00, 0x70,
  0x0A, 0x00, 0x62, 0x70, 0x0A, 0x01, 0x41, 0x31,
  0x32, 0x30, 0x70, 0x0A, 0x05, 0x60, 0x70, 0x0A,
  0x00, 0x41, 0x31, 0x31, 0x39, 0xA2, 0x4A, 0x05,
  0x92, 0x93, 0x60, 0x0A, 0x08, 0xA0, 0x1A, 0x93,
  0x60, 0x0A, 0x01, 0x41, 0x31, 0x32, 0x38, 0x0A,
  0x29, 0x61, 0x0A, 0x00, 0x0A, 0x00, 0x0A, 0x00,
  0x70, 0x0A, 0x01, 0x62, 0x70, 0x0A, 0x08, 0x60,
  0xA0, 0x37, 0x93, 0x60, 0x0A, 0x05, 0x41, 0x31,
  0x31, 0x36, 0x0A, 0x00, 0x0A, 0x00, 0x41, 0x31,
  0x32, 0x38, 0x0A, 0x2A, 0x61, 0x0A, 0x00, 0x0A,
  0x00, 0x0A, 0x00, 0x70, 0x0A, 0x00, 0x41, 0x42,
  0x30, 0x35, 0x70, 0x0A, 0x00, 0x41, 0x42, 0x30,
  0x34, 0x70, 0x0A, 0x00, 0x41, 0x42, 0x31, 0x30,
  0x70, 0x0A, 0x00, 0x62, 0x70, 0x0A, 0x08, 0x60,
  0x70, 0x41, 0x31, 0x31, 0x31, 0x41, 0x31, 0x31,
  0x39, 0xA0, 0x0F, 0x92, 0x93, 0x41, 0x31, 0x31,
  0x31, 0x0A, 0x00, 0x41, 0x31, 0x31, 0x30, 0x0A,
  0x01, 0xA4, 0x62, 0x5B, 0x82, 0x45, 0x80, 0x41,
  0x42, 0x52, 0x31, 0x08, 0x5F, 0x48, 0x49, 0x44,
  0x0C, 0x41, 0xD0, 0x0C, 0x02, 0x08, 0x5F, 0x55,
  0x49, 0x44, 0x0A, 0x81, 0x08, 0x41, 0x42, 0x31,
  0x32, 0x0A, 0x34, 0x08, 0x41, 0x42, 0x30, 0x30,
  0x0A, 0x00, 0x08, 0x41, 0x42, 0x30, 0x31, 0x0A,
  0x00, 0x08, 0x41, 0x42, 0x30, 0x45, 0x0A, 0x00,
  0x08, 0x41, 0x42, 0x30, 0x32, 0x0A, 0x00, 0x08,
  0x41, 0x42, 0x30, 0x33, 0x0A, 0x00, 0x08, 0x41,
  0x42, 0x30, 0x34, 0x0A, 0x00, 0x08, 0x41, 0x42,
  0x30, 0x35, 0x0A, 0x00, 0x08, 0x41, 0x42, 0x30,
  0x36, 0x0A, 0x00, 0x08, 0x41, 0x42, 0x30, 0x37,
  0x0A, 0x00, 0x08, 0x41, 0x42, 0x30, 0x38, 0x0A,
  0x00, 0x08, 0x41, 0x42, 0x30, 0x39, 0x0A, 0x00,
  0x08, 0x41, 0x42, 0x30, 0x41, 0x0A, 0x00, 0x08,
  0x41, 0x42, 0x30, 0x42, 0x0A, 0x00, 0x08, 0x41,
  0x42, 0x30, 0x43, 0x0A, 0x00, 0x08, 0x41, 0x42,
  0x30, 0x44, 0x0A, 0x00, 0x5B, 0x80, 0x41, 0x31,
  0x31, 0x38, 0x00, 0x72, 0x41, 0x47, 0x52, 0x42,
  0x7D, 0x79, 0x83, 0x88, 0x5C, 0x2E, 0x5F, 0x53,
  0x42, 0x5F, 0x41, 0x44, 0x41, 0x54, 0x72, 0x41,
  0x42, 0x31, 0x32, 0x0A, 0x0D, 0x00, 0x00, 0x0A,
  0x0F, 0x00, 0x79, 0x83, 0x88, 0x5C, 0x2E, 0x5F,
  0x53, 0x42, 0x5F, 0x41, 0x44, 0x41, 0x54, 0x72,
  0x41, 0x42, 0x31, 0x32, 0x0A, 0x0E, 0x00, 0x00,
  0x0A, 0x0C, 0x00, 0x00, 0x00, 0x0B, 0x00, 0x10,
  0x5B, 0x81, 0x42, 0x04, 0x41, 0x31, 0x31, 0x38,
  0x01, 0x00, 0x40, 0x0C, 0x00, 0x08, 0x41, 0x31,
  0x31, 0x32, 0x08, 0x41, 0x31, 0x31, 0x33, 0x08,
  0x00, 0x48, 0x26, 0x41, 0x31, 0x31, 0x39, 0x02,
  0x00, 0x02, 0x41, 0x31, 0x32, 0x30, 0x01, 0x41,
  0x31, 0x32, 0x31, 0x01, 0x00, 0x0A, 0x00, 0x0B,
  0x41, 0x31, 0x32, 0x32, 0x01, 0x00, 0x44, 0x0E,
  0x41, 0x31, 0x32, 0x33, 0x04, 0x00, 0x01, 0x41,
  0x31, 0x32, 0x34, 0x01, 0x08, 0x41, 0x42, 0x31,
  0x30, 0x0A, 0x00, 0x14, 0x4D, 0x18, 0x5F, 0x49,
  0x4E, 0x49, 0x00, 0x70, 0x83, 0x88, 0x5C, 0x2E,
  0x5F, 0x53, 0x42, 0x5F, 0x41, 0x44, 0x41, 0x54,
  0x72, 0x41, 0x42, 0x31, 0x32, 0x0A, 0x00, 0x00,
  0x00, 0x41, 0x42, 0x30, 0x30, 0x70, 0x83, 0x88,
  0x5C, 0x2E, 0x5F, 0x53, 0x42, 0x5F, 0x41, 0x44,
  0x41, 0x54, 0x72, 0x41, 0x42, 0x31, 0x32, 0x0A,
  0x01, 0x00, 0x00, 0x41, 0x42, 0x30, 0x45, 0x70,
  0x83, 0x88, 0x5C, 0x2E, 0x5F, 0x53, 0x42, 0x5F,
  0x41, 0x44, 0x41, 0x54, 0x72, 0x41, 0x42, 0x31,
  0x32, 0x0A, 0x02, 0x00, 0x00, 0x41, 0x42, 0x30,
  0x31, 0x70, 0x83, 0x88, 0x5C, 0x2E, 0x5F, 0x53,
  0x42, 0x5F, 0x41, 0x44, 0x41, 0x54, 0x72, 0x41,
  0x42, 0x31, 0x32, 0x0A, 0x03, 0x00, 0x00, 0x41,
  0x42, 0x30, 0x32, 0x70, 0x83, 0x88, 0x5C, 0x2E,
  0x5F, 0x53, 0x42, 0x5F, 0x41, 0x44, 0x41, 0x54,
  0x72, 0x41, 0x42, 0x31, 0x32, 0x0A, 0x04, 0x00,
  0x00, 0x41, 0x42, 0x30, 0x33, 0x70, 0x83, 0x88,
  0x5C, 0x2E, 0x5F, 0x53, 0x42, 0x5F, 0x41, 0x44,
  0x41, 0x54, 0x72, 0x41, 0x42, 0x31, 0x32, 0x0A,
  0x05, 0x00, 0x00, 0x41, 0x42, 0x30, 0x34, 0x70,
  0x83, 0x88, 0x5C, 0x2E, 0x5F, 0x53, 0x42, 0x5F,
  0x41, 0x44, 0x41, 0x54, 0x72, 0x41, 0x42, 0x31,
  0x32, 0x0A, 0x06, 0x00, 0x00, 0x41, 0x42, 0x30,
  0x35, 0x70, 0x83, 0x88, 0x5C, 0x2E, 0x5F, 0x53,
  0x42, 0x5F, 0x41, 0x44, 0x41, 0x54, 0x72, 0x41,
  0x42, 0x31, 0x32, 0x0A, 0x07, 0x00, 0x00, 0x41,
  0x42, 0x30, 0x36, 0x70, 0x83, 0x88, 0x5C, 0x2E,
  0x5F, 0x53, 0x42, 0x5F, 0x41, 0x44, 0x41, 0x54,
  0x72, 0x41, 0x42, 0x31, 0x32, 0x0A, 0x08, 0x00,
  0x00, 0x41, 0x42, 0x30, 0x37, 0x70, 0x83, 0x88,
  0x5C, 0x2E, 0x5F, 0x53, 0x42, 0x5F, 0x41, 0x44,
  0x41, 0x54, 0x72, 0x41, 0x42, 0x31, 0x32, 0x0A,
  0x09, 0x00, 0x00, 0x41, 0x42, 0x30, 0x38, 0x70,
  0x83, 0x88, 0x5C, 0x2E, 0x5F, 0x53, 0x42, 0x5F,
  0x41, 0x44, 0x41, 0x54, 0x72, 0x41, 0x42, 0x31,
  0x32, 0x0A, 0x0A, 0x00, 0x00, 0x41, 0x42, 0x30,
  0x39, 0x70, 0x83, 0x88, 0x5C, 0x2E, 0x5F, 0x53,
  0x42, 0x5F, 0x41, 0x44, 0x41, 0x54, 0x72, 0x41,
  0x42, 0x31, 0x32, 0x0A, 0x0B, 0x00, 0x00, 0x41,
  0x42, 0x30, 0x41, 0x70, 0x83, 0x88, 0x5C, 0x2E,
  0x5F, 0x53, 0x42, 0x5F, 0x41, 0x44, 0x41, 0x54,
  0x72, 0x41, 0x42, 0x31, 0x32, 0x0A, 0x0C, 0x00,
  0x00, 0x41, 0x42, 0x30, 0x42, 0x70, 0x83, 0x88,
  0x5C, 0x2E, 0x5F, 0x53, 0x42, 0x5F, 0x41, 0x44,
  0x41, 0x54, 0x72, 0x41, 0x42, 0x31, 0x32, 0x0A,
  0x0D, 0x00, 0x00, 0x41, 0x42, 0x30, 0x43, 0x70,
  0x83, 0x88, 0x5C, 0x2E, 0x5F, 0x53, 0x42, 0x5F,
  0x41, 0x44, 0x41, 0x54, 0x72, 0x41, 0x42, 0x31,
  0x32, 0x0A, 0x0E, 0x00, 0x00, 0x41, 0x42, 0x30,
  0x44, 0x14, 0x22, 0x41, 0x31, 0x30, 0x37, 0x00,
  0x70, 0x41, 0x30, 0x38, 0x39, 0x60, 0xA0, 0x0A,
  0x93, 0x60, 0x0A, 0x01, 0xA4, 0x41, 0x42, 0x30,
  0x31, 0xA0, 0x0A, 0x93, 0x60, 0x0A, 0x00, 0xA4,
  0x41, 0x42, 0x30, 0x45, 0x14, 0x1F, 0x41, 0x31,
  0x30, 0x32, 0x00, 0xA0, 0x15, 0x92, 0x93, 0x41,
  0x42, 0x31, 0x30, 0x0A, 0x00, 0xA0, 0x0B, 0x93,
  0x41, 0x42, 0x31, 0x30, 0x0A, 0x01, 0xA4, 0x0A,
  0x01, 0xA4, 0x0A, 0x00, 0x14, 0x2A, 0x41, 0x31,
  0x30, 0x38, 0x00, 0xA0, 0x0E, 0x92, 0x93, 0x41,
  0x42, 0x30, 0x35, 0x0A, 0x00, 0xA4, 0x41, 0x42,
  0x30, 0x35, 0xA0, 0x11, 0x94, 0x41, 0x42, 0x31,
  0x30, 0x0A, 0x01, 0xA4, 0x74, 0x41, 0x42, 0x31,
  0x30, 0x0A, 0x01, 0x00, 0xA4, 0x0A, 0x00, 0x14,
  0x49, 0x07, 0x41, 0x31, 0x30, 0x31, 0x00, 0xA0,
  0x22, 0x93, 0x5C, 0x2E, 0x5F, 0x53, 0x42, 0x5F,
  0x41, 0x50, 0x30, 0x35, 0x0A, 0x00, 0xA0, 0x0E,
  0x92, 0x93, 0x41, 0x42, 0x30, 0x35, 0x0A, 0x00,
  0xA4, 0x41, 0x42, 0x30, 0x35, 0xA4, 0x41, 0x42,
  0x30, 0x45, 0x70, 0x41, 0x31, 0x30, 0x38, 0x60,
  0xA0, 0x17, 0x92, 0x93, 0x60, 0x0A, 0x00, 0xA0,
  0x0C, 0x94, 0x60, 0x41, 0x42, 0x30, 0x30, 0xA4,
  0x41, 0x42, 0x30, 0x30, 0xA1, 0x03, 0xA4, 0x60,
  0x70, 0x41, 0x31, 0x30, 0x37, 0x60, 0xA0, 0x28,
  0x92, 0x93, 0x5C, 0x2E, 0x5F, 0x53, 0x42, 0x5F,
  0x41, 0x50, 0x30, 0x33, 0x0A, 0x00, 0xA0, 0x18,
  0x95, 0x5C, 0x2E, 0x5F, 0x53, 0x42, 0x5F, 0x41,
  0x50, 0x30, 0x33, 0x60, 0xA4, 0x5C, 0x2E, 0x5F,
  0x53, 0x42, 0x5F, 0x41, 0x50, 0x30, 0x33, 0xA4,
  0x60, 0x14, 0x0B, 0x41, 0x31, 0x30, 0x30, 0x00,
  0xA4, 0x41, 0x42, 0x30, 0x32, 0x14, 0x0B, 0x41,
  0x31, 0x30, 0x33, 0x00, 0xA4, 0x41, 0x42, 0x30,
  0x30, 0x14, 0x30, 0x41, 0x30, 0x39, 0x39, 0x01,
  0x70, 0x68, 0x41, 0x42, 0x30, 0x32, 0x41, 0x31,
  0x30, 0x39, 0x68, 0xA0, 0x09, 0x92, 0x93, 0x41,
  0x42, 0x31, 0x30, 0x0A, 0x00, 0xA1, 0x01, 0x41,
  0x31, 0x31, 0x30, 0x0A, 0x00, 0x08, 0x41, 0x31,
  0x31, 0x31, 0x0A, 0x00, 0x41, 0x31, 0x31, 0x30,
  0x0A, 0x01, 0x14, 0x0C, 0x41, 0x31, 0x30, 0x34,
  0x01, 0x70, 0x68, 0x41, 0x42, 0x31, 0x30, 0x14,
  0x22, 0x41, 0x31, 0x30, 0x35, 0x01, 0x7A, 0x68,
  0x0A, 0x08, 0x60, 0xA0, 0x13, 0x90, 0x92, 0x95,
  0x60, 0x41, 0x31, 0x31, 0x32, 0x92, 0x94, 0x60,
  0x41, 0x31, 0x31, 0x33, 0xA4, 0x0A, 0x01, 0xA4,
  0x0A, 0x00, 0x14, 0x1F, 0x41, 0x31, 0x31, 0x34,
  0x01, 0x7D, 0x41, 0x42, 0x30, 0x44, 0x79, 0x41,
  0x42, 0x30, 0x43, 0x0A, 0x03, 0x00, 0x60, 0xA0,
  0x07, 0x93, 0x68, 0x60, 0xA4, 0x0A, 0x01, 0xA4,
  0x0A, 0x00, 0x14, 0x0D, 0x41, 0x31, 0x30, 0x36,
  0x00, 0x70, 0x0A, 0x00, 0x41, 0x42, 0x31, 0x30,
  0x14, 0x25, 0x41, 0x31, 0x30, 0x39, 0x01, 0xA0,
  0x06, 0x92, 0x95, 0x68, 0x0A, 0x02, 0xA0, 0x06,
  0x92, 0x95, 0x68, 0x0A, 0x03, 0xA0, 0x0E, 0x93,
  0x68, 0x0A, 0x01, 0xA0, 0x08, 0x93, 0x41, 0x42,
  0x30, 0x34, 0x0A, 0x01, 0xA1, 0x01, 0x14, 0x4D,
  0x0F, 0x41, 0x31, 0x31, 0x35, 0x01, 0x70, 0x0A,
  0x00, 0x60, 0x70, 0x41, 0x31, 0x31, 0x36, 0x60,
  0x0A, 0x00, 0x61, 0x70, 0x41, 0x31, 0x31, 0x36,
  0x60, 0x0A, 0x08, 0x62, 0xA0, 0x4F, 0x0D, 0x92,
  0x93, 0x61, 0x0C, 0xFF, 0xFF, 0xFF, 0xFF, 0x7B,
  0x7A, 0x61, 0x0A, 0x10, 0x00, 0x0B, 0xFF, 0xFF,
  0x63, 0x7B, 0x61, 0x0B, 0xFF, 0xFF, 0x61, 0x7B,
  0x7A, 0x62, 0x0A, 0x18, 0x00, 0x0A, 0xFF, 0x62,
  0xA0, 0x4B, 0x0B, 0x93, 0x62, 0x0A, 0x03, 0xA0,
  0x44, 0x0B, 0x91, 0x93, 0x61, 0x0B, 0x02, 0x10,
  0x93, 0x61, 0x0B, 0x22, 0x10, 0x70, 0x0A, 0x10,
  0x60, 0xA2, 0x42, 0x0A, 0x95, 0x60, 0x0A, 0x30,
  0x70, 0x41, 0x31, 0x31, 0x36, 0x0A, 0x00, 0x60,
  0x64, 0x70, 0x0A, 0x00, 0x65, 0xA0, 0x48, 0x07,
  0x90, 0x93, 0x7B, 0x64, 0x0A, 0x09, 0x00, 0x0A,
  0x00, 0x92, 0x93, 0x64, 0x0A, 0x00, 0xA0, 0x17,
  0x93, 0x7B, 0x64, 0x0A, 0x06, 0x00, 0x0A, 0x04,
  0x72, 0x60, 0x0A, 0x04, 0x60, 0x70, 0x41, 0x31,
  0x31, 0x36, 0x0A, 0x00, 0x60, 0x65, 0xA0, 0x34,
  0x92, 0x93, 0x68, 0x0A, 0x00, 0x41, 0x31, 0x31,
  0x37, 0x0A, 0x25, 0x7B, 0x64, 0x0C, 0xF0, 0xFF,
  0xFF, 0xFF, 0x00, 0x0A, 0x00, 0x41, 0x31, 0x31,
  0x37, 0x0A, 0x26, 0x65, 0x0A, 0x00, 0x41, 0x31,
  0x31, 0x37, 0x0A, 0x28, 0x0A, 0x00, 0x0A, 0x00,
  0x41, 0x31, 0x31, 0x37, 0x0A, 0x27, 0x0A, 0x00,
  0x0A, 0x00, 0xA5, 0xA1, 0x1A, 0x41, 0x31, 0x31,
  0x37, 0x0A, 0x28, 0x0A, 0x00, 0x0A, 0x00, 0x41,
  0x31, 0x31, 0x37, 0x0A, 0x07, 0x0A, 0x00, 0x79,
  0x0A, 0x01, 0x0A, 0x0A, 0x00, 0xA5, 0xA1, 0x10,
  0xA0, 0x0E, 0x93, 0x7B, 0x64, 0x0A, 0x06, 0x00,
  0x0A, 0x04, 0x72, 0x60, 0x0A, 0x04, 0x60, 0x72,
  0x60, 0x0A, 0x04, 0x60, 0x14, 0x42, 0x05, 0x41,
  0x31, 0x32, 0x39, 0x02, 0xA0, 0x11, 0x93, 0x41,
  0x31, 0x31, 0x36, 0x68, 0x0A, 0x00, 0x0C, 0xFF,
  0xFF, 0xFF, 0xFF, 0xA4, 0x0A, 0x00, 0x70, 0x41,
  0x31, 0x31, 0x36, 0x68, 0x0A, 0x34, 0x60, 0xA2,
  0x2F, 0x0A, 0x01, 0x70, 0x41, 0x31, 0x31, 0x36,
  0x68, 0x7B, 0x60, 0x0A, 0xFF, 0x00, 0x61, 0xA0,
  0x0E, 0x93, 0x7B, 0x61, 0x0A, 0xFF, 0x00, 0x69,
  0xA4, 0x7B, 0x60, 0x0A, 0xFF, 0x00, 0x7B, 0x7A,
  0x61, 0x0A, 0x08, 0x00, 0x0A, 0xFF, 0x60, 0xA0,
  0x07, 0x93, 0x60, 0x0A, 0x00, 0xA4, 0x60, 0x08,
  0x41, 0x45, 0x53, 0x50, 0x12, 0x12, 0x08, 0x0A,
  0x00, 0x0A, 0x00, 0x0A, 0x00, 0x0A, 0x00, 0x0A,
  0x00, 0x0A, 0x00, 0x0A, 0x00, 0x0A, 0x00, 0x14,
  0x47, 0x09, 0x41, 0x31, 0x31, 0x30, 0x01, 0x70,
  0x0A, 0x00, 0x60, 0xA0, 0x49, 0x08, 0x92, 0x93,
  0x41, 0x31, 0x31, 0x36, 0x60, 0x0A, 0x00, 0x0C,
  0xFF, 0xFF, 0xFF, 0xFF, 0x7B, 0x41, 0x31, 0x31,
  0x36, 0x60, 0x0A, 0x08, 0x0A, 0x80, 0x61, 0xA0,
  0x09, 0x93, 0x61, 0x0A, 0x80, 0x70, 0x0A, 0x07,
  0x67, 0xA1, 0x05, 0x70, 0x0A, 0x00, 0x67, 0xA2,
  0x4D, 0x05, 0x92, 0x94, 0x60, 0x67, 0x70, 0x41,
  0x31, 0x32, 0x39, 0x60, 0x0A, 0x10, 0x61, 0xA0,
  0x08, 0x93, 0x61, 0x0A, 0x00, 0x75, 0x60, 0x9F,
  0xA0, 0x2B, 0x93, 0x68, 0x0A, 0x00, 0x70, 0x41,
  0x31, 0x31, 0x36, 0x60, 0x72, 0x61, 0x0A, 0x10,
  0x00, 0x62, 0x41, 0x31, 0x32, 0x37, 0x60, 0x72,
  0x61, 0x0A, 0x10, 0x00, 0x7B, 0x62, 0x80, 0x0A,
  0x03, 0x00, 0x00, 0x70, 0x62, 0x88, 0x41, 0x45,
  0x53, 0x50, 0x60, 0x00, 0xA1, 0x16, 0x70, 0x83,
  0x88, 0x41, 0x45, 0x53, 0x50, 0x60, 0x00, 0x62,
  0x41, 0x31, 0x32, 0x37, 0x60, 0x72, 0x61, 0x0A,
  0x10, 0x00, 0x62, 0x75, 0x60, 0xA1, 0x01, 0x14,
  0x3D, 0x41, 0x31, 0x32, 0x37, 0x0B, 0x72, 0x41,
  0x47, 0x52, 0x42, 0x79, 0x41, 0x31, 0x31, 0x33,
  0x0A, 0x14, 0x00, 0x60, 0x72, 0x60, 0x79, 0x68,
  0x0A, 0x0C, 0x00, 0x60, 0x72, 0x60, 0x69, 0x60,
  0x5B, 0x80, 0x41, 0x44, 0x52, 0x42, 0x00, 0x60,
  0x0A, 0x04, 0x5B, 0x81, 0x0B, 0x41, 0x44, 0x52,
  0x42, 0x03, 0x41, 0x44, 0x52, 0x52, 0x20, 0x70,
  0x6A, 0x41, 0x44, 0x52, 0x52, 0x14, 0x3C, 0x41,
  0x31, 0x31, 0x36, 0x0A, 0x72, 0x41, 0x47, 0x52,
  0x42, 0x79, 0x41, 0x31, 0x31, 0x33, 0x0A, 0x14,
  0x00, 0x60, 0x72, 0x60, 0x79, 0x68, 0x0A, 0x0C,
  0x00, 0x60, 0x72, 0x60, 0x69, 0x60, 0x5B, 0x80,
  0x41, 0x44, 0x52, 0x42, 0x00, 0x60, 0x0A, 0x04,
  0x5B, 0x81, 0x0B, 0x41, 0x44, 0x52, 0x42, 0x03,
  0x41, 0x44, 0x52, 0x52, 0x20, 0xA4, 0x41, 0x44,
  0x52, 0x52, 0x14, 0x19, 0x41, 0x31, 0x32, 0x35,
  0x01, 0xA0, 0x0C, 0x92, 0x93, 0x41, 0x42, 0x30,
  0x42, 0x0A, 0x01, 0xA4, 0x0A, 0x00, 0xA4, 0x41,
  0x31, 0x31, 0x34, 0x68, 0x14, 0x45, 0x11, 0x41,
  0x31, 0x32, 0x36, 0x01, 0x08, 0x41, 0x31, 0x31,
  0x31, 0x0A, 0x00, 0x70, 0x0A, 0x00, 0x62, 0x70,
  0x41, 0x31, 0x31, 0x39, 0x41, 0x31, 0x31, 0x31,
  0x7D, 0x41, 0x42, 0x30, 0x44, 0x79, 0x41, 0x42,
  0x30, 0x43, 0x0A, 0x03, 0x00, 0x61, 0xA0, 0x10,
  0x93, 0x68, 0x0A, 0x01, 0x70, 0x0A, 0x00, 0x41,
  0x31, 0x32, 0x30, 0x70, 0x0A, 0x01, 0x60, 0xA1,
  0x4D, 0x05, 0x41, 0x31, 0x31, 0x30, 0x0A, 0x00,
  0x70, 0x41, 0x31, 0x31, 0x36, 0x0A, 0x00, 0x0A,
  0x04, 0x60, 0xA0, 0x3B, 0x92, 0x93, 0x60, 0x0C,
  0xFF, 0xFF, 0xFF, 0xFF, 0x41, 0x31, 0x32, 0x37,
  0x0A, 0x00, 0x0A, 0x04, 0x7B, 0x60, 0x80, 0x0A,
  0x04, 0x00, 0x00, 0x70, 0x41, 0x31, 0x31, 0x36,
  0x0A, 0x01, 0x0A, 0x04, 0x60, 0xA0, 0x18, 0x92,
  0x93, 0x60, 0x0C, 0xFF, 0xFF, 0xFF, 0xFF, 0x41,
  0x31, 0x32, 0x37, 0x0A, 0x01, 0x0A, 0x04, 0x7B,
  0x60, 0x80, 0x0A, 0x04, 0x00, 0x00, 0x70, 0x0A,
  0x00, 0x62, 0x70, 0x0A, 0x01, 0x41, 0x31, 0x32,
  0x30, 0x70, 0x0A, 0x05, 0x60, 0x70, 0x0A, 0x00,
  0x41, 0x31, 0x31, 0x39, 0xA2, 0x4A, 0x05, 0x92,
  0x93, 0x60, 0x0A, 0x08, 0xA0, 0x1A, 0x93, 0x60,
  0x0A, 0x01, 0x41, 0x31, 0x32, 0x38, 0x0A, 0x29,
  0x61, 0x0A, 0x00, 0x0A, 0x00, 0x0A, 0x00, 0x70,
  0x0A, 0x01, 0x62, 0x70, 0x0A, 0x08, 0x60, 0xA0,
  0x37, 0x93, 0x60, 0x0A, 0x05, 0x41, 0x31, 0x31,
  0x36, 0x0A, 0x00, 0x0A, 0x00, 0x41, 0x31, 0x32,
  0x38, 0x0A, 0x2A, 0x61, 0x0A, 0x00, 0x0A, 0x00,
  0x0A, 0x00, 0x70, 0x0A, 0x00, 0x41, 0x42, 0x30,
  0x35, 0x70, 0x0A, 0x00, 0x41, 0x42, 0x30, 0x34,
  0x70, 0x0A, 0x00, 0x41, 0x42, 0x31, 0x30, 0x70,
  0x0A, 0x00, 0x62, 0x70, 0x0A, 0x08, 0x60, 0x70,
  0x41, 0x31, 0x31, 0x31, 0x41, 0x31, 0x31, 0x39,
  0xA0, 0x0F, 0x92, 0x93, 0x41, 0x31, 0x31, 0x31,
  0x0A, 0x00, 0x41, 0x31, 0x31, 0x30, 0x0A, 0x01,
  0xA4, 0x62, 0x5B, 0x82, 0x45, 0x80, 0x41, 0x42,
  0x52, 0x32, 0x08, 0x5F, 0x48, 0x49, 0x44, 0x0C,
  0x41, 0xD0, 0x0C, 0x02, 0x08, 0x5F, 0x55, 0x49,
  0x44, 0x0A, 0x82, 0x08, 0x41, 0x42, 0x31, 0x32,
  0x0A, 0x48, 0x08, 0x41, 0x42, 0x30, 0x30, 0x0A,
  0x00, 0x08, 0x41, 0x42, 0x30, 0x31, 0x0A, 0x00,
  0x08, 0x41, 0x42, 0x30, 0x45, 0x0A, 0x00, 0x08,
  0x41, 0x42, 0x30, 0x32, 0x0A, 0x00, 0x08, 0x41,
  0x42, 0x30, 0x33, 0x0A, 0x00, 0x08, 0x41, 0x42,
  0x30, 0x34, 0x0A, 0x00, 0x08, 0x41, 0x42, 0x30,
  0x35, 0x0A, 0x00, 0x08, 0x41, 0x42, 0x30, 0x36,
  0x0A, 0x00, 0x08, 0x41, 0x42, 0x30, 0x37, 0x0A,
  0x00, 0x08, 0x41, 0x42, 0x30, 0x38, 0x0A, 0x00,
  0x08, 0x41, 0x42, 0x30, 0x39, 0x0A, 0x00, 0x08,
  0x41, 0x42, 0x30, 0x41, 0x0A, 0x00, 0x08, 0x41,
  0x42, 0x30, 0x42, 0x0A, 0x00, 0x08, 0x41, 0x42,
  0x30, 0x43, 0x0A, 0x00, 0x08, 0x41, 0x42, 0x30,
  0x44, 0x0A, 0x00, 0x5B, 0x80, 0x41, 0x31, 0x31,
  0x38, 0x00, 0x72, 0x41, 0x47, 0x52, 0x42, 0x7D,
  0x79, 0x83, 0x88, 0x5C, 0x2E, 0x5F, 0x53, 0x42,
  0x5F, 0x41, 0x44, 0x41, 0x54, 0x72, 0x41, 0x42,
  0x31, 0x32, 0x0A, 0x0D, 0x00, 0x00, 0x0A, 0x0F,
  0x00, 0x79, 0x83, 0x88, 0x5C, 0x2E, 0x5F, 0x53,
  0x42, 0x5F, 0x41, 0x44, 0x41, 0x54, 0x72, 0x41,
  0x42, 0x31, 0x32, 0x0A, 0x0E, 0x00, 0x00, 0x0A,
  0x0C, 0x00, 0x00, 0x00, 0x0B, 0x00, 0x10, 0x5B,
  0x81, 0x42, 0x04, 0x41, 0x31, 0x31, 0x38, 0x01,
  0x00, 0x40, 0x0C, 0x00, 0x08, 0x41, 0x31, 0x31,
  0x32, 0x08, 0x41, 0x31, 0x31, 0x33, 0x08, 0x00,
  0x48, 0x26, 0x41, 0x31, 0x31, 0x39, 0x02, 0x00,
  0x02, 0x41, 0x31, 0x32, 0x30, 0x01, 0x41, 0x31,
  0x32, 0x31, 0x01, 0x00, 0x0A, 0x00, 0x0B, 0x41,
  0x31, 0x32, 0x32, 0x01, 0x00, 0x44, 0x0E, 0x41,
  0x31, 0x32, 0x33, 0x04, 0x00, 0x01, 0x41, 0x31,
  0x32, 0x34, 0x01, 0x08, 0x41, 0x42, 0x31, 0x30,
  0x0A, 0x00, 0x14, 0x4D, 0x18, 0x5F, 0x49, 0x4E,
  0x49, 0x00, 0x70, 0x83, 0x88, 0x5C, 0x2E, 0x5F,
  0x53, 0x42, 0x5F, 0x41, 0x44, 0x41, 0x54, 0x72,
  0x41, 0x42, 0x31, 0x32, 0x0A, 0x00, 0x00, 0x00,
  0x41, 0x42, 0x30, 0x30, 0x70, 0x83, 0x88, 0x5C,
  0x2E, 0x5F, 0x53, 0x42, 0x5F, 0x41, 0x44, 0x41,
  0x54, 0x72, 0x41, 0x42, 0x31, 0x32, 0x0A, 0x01,
  0x00, 0x00, 0x41, 0x42, 0x30, 0x45, 0x70, 0x83,
  0x88, 0x5C, 0x2E, 0x5F, 0x53, 0x42, 0x5F, 0x41,
  0x44, 0x41, 0x54, 0x72, 0x41, 0x42, 0x31, 0x32,
  0x0A, 0x02, 0x00, 0x00, 0x41, 0x42, 0x30, 0x31,
  0x70, 0x83, 0x88, 0x5C, 0x2E, 0x5F, 0x53, 0x42,
  0x5F, 0x41, 0x44, 0x41, 0x54, 0x72, 0x41, 0x42,
  0x31, 0x32, 0x0A, 0x03, 0x00, 0x00, 0x41, 0x42,
  0x30, 0x32, 0x70, 0x83, 0x88, 0x5C, 0x2E, 0x5F,
  0x53, 0x42, 0x5F, 0x41, 0x44, 0x41, 0x54, 0x72,
  0x41, 0x42, 0x31, 0x32, 0x0A, 0x04, 0x00, 0x00,
  0x41, 0x42, 0x30, 0x33, 0x70, 0x83, 0x88, 0x5C,
  0x2E, 0x5F, 0x53, 0x42, 0x5F, 0x41, 0x44, 0x41,
  0x54, 0x72, 0x41, 0x42, 0x31, 0x32, 0x0A, 0x05,
  0x00, 0x00, 0x41, 0x42, 0x30, 0x34, 0x70, 0x83,
  0x88, 0x5C, 0x2E, 0x5F, 0x53, 0x42, 0x5F, 0x41,
  0x44, 0x41, 0x54, 0x72, 0x41, 0x42, 0x31, 0x32,
  0x0A, 0x06, 0x00, 0x00, 0x41, 0x42, 0x30, 0x35,
  0x70, 0x83, 0x88, 0x5C, 0x2E, 0x5F, 0x53, 0x42,
  0x5F, 0x41, 0x44, 0x41, 0x54, 0x72, 0x41, 0x42,
  0x31, 0x32, 0x0A, 0x07, 0x00, 0x00, 0x41, 0x42,
  0x30, 0x36, 0x70, 0x83, 0x88, 0x5C, 0x2E, 0x5F,
  0x53, 0x42, 0x5F, 0x41, 0x44, 0x41, 0x54, 0x72,
  0x41, 0x42, 0x31, 0x32, 0x0A, 0x08, 0x00, 0x00,
  0x41, 0x42, 0x30, 0x37, 0x70, 0x83, 0x88, 0x5C,
  0x2E, 0x5F, 0x53, 0x42, 0x5F, 0x41, 0x44, 0x41,
  0x54, 0x72, 0x41, 0x42, 0x31, 0x32, 0x0A, 0x09,
  0x00, 0x00, 0x41, 0x42, 0x30, 0x38, 0x70, 0x83,
  0x88, 0x5C, 0x2E, 0x5F, 0x53, 0x42, 0x5F, 0x41,
  0x44, 0x41, 0x54, 0x72, 0x41, 0x42, 0x31, 0x32,
  0x0A, 0x0A, 0x00, 0x00, 0x41, 0x42, 0x30, 0x39,
  0x70, 0x83, 0x88, 0x5C, 0x2E, 0x5F, 0x53, 0x42,
  0x5F, 0x41, 0x44, 0x41, 0x54, 0x72, 0x41, 0x42,
  0x31, 0x32, 0x0A, 0x0B, 0x00, 0x00, 0x41, 0x42,
  0x30, 0x41, 0x70, 0x83, 0x88, 0x5C, 0x2E, 0x5F,
  0x53, 0x42, 0x5F, 0x41, 0x44, 0x41, 0x54, 0x72,
  0x41, 0x42, 0x31, 0x32, 0x0A, 0x0C, 0x00, 0x00,
  0x41, 0x42, 0x30, 0x42, 0x70, 0x83, 0x88, 0x5C,
  0x2E, 0x5F, 0x53, 0x42, 0x5F, 0x41, 0x44, 0x41,
  0x54, 0x72, 0x41, 0x42, 0x31, 0x32, 0x0A, 0x0D,
  0x00, 0x00, 0x41, 0x42, 0x30, 0x43, 0x70, 0x83,
  0x88, 0x5C, 0x2E, 0x5F, 0x53, 0x42, 0x5F, 0x41,
  0x44, 0x41, 0x54, 0x72, 0x41, 0x42, 0x31, 0x32,
  0x0A, 0x0E, 0x00, 0x00, 0x41, 0x42, 0x30, 0x44,
  0x14, 0x22, 0x41, 0x31, 0x30, 0x37, 0x00, 0x70,
  0x41, 0x30, 0x38, 0x39, 0x60, 0xA0, 0x0A, 0x93,
  0x60, 0x0A, 0x01, 0xA4, 0x41, 0x42, 0x30, 0x31,
  0xA0, 0x0A, 0x93, 0x60, 0x0A, 0x00, 0xA4, 0x41,
  0x42, 0x30, 0x45, 0x14, 0x1F, 0x41, 0x31, 0x30,
  0x32, 0x00, 0xA0, 0x15, 0x92, 0x93, 0x41, 0x42,
  0x31, 0x30, 0x0A, 0x00, 0xA0, 0x0B, 0x93, 0x41,
  0x42, 0x31, 0x30, 0x0A, 0x01, 0xA4, 0x0A, 0x01,
  0xA4, 0x0A, 0x00, 0x14, 0x2A, 0x41, 0x31, 0x30,
  0x38, 0x00, 0xA0, 0x0E, 0x92, 0x93, 0x41, 0x42,
  0x30, 0x35, 0x0A, 0x00, 0xA4, 0x41, 0x42, 0x30,
  0x35, 0xA0, 0x11, 0x94, 0x41, 0x42, 0x31, 0x30,
  0x0A, 0x01, 0xA4, 0x74, 0x41, 0x42, 0x31, 0x30,
  0x0A, 0x01, 0x00, 0xA4, 0x0A, 0x00, 0x14, 0x49,
  0x07, 0x41, 0x31, 0x30, 0x31, 0x00, 0xA0, 0x22,
  0x93, 0x5C, 0x2E, 0x5F, 0x53, 0x42, 0x5F, 0x41,
  0x50, 0x30, 0x35, 0x0A, 0x00, 0xA0, 0x0E, 0x92,
  0x93, 0x41, 0x42, 0x30, 0x35, 0x0A, 0x00, 0xA4,
  0x41, 0x42, 0x30, 0x35, 0xA4, 0x41, 0x42, 0x30,
  0x45, 0x70, 0x41, 0x31, 0x30, 0x38, 0x60, 0xA0,
  0x17, 0x92, 0x93, 0x60, 0x0A, 0x00, 0xA0, 0x0C,
  0x94, 0x60, 0x41, 0x42, 0x30, 0x30, 0xA4, 0x41,
  0x42, 0x30, 0x30, 0xA1, 0x03, 0xA4, 0x60, 0x70,
  0x41, 0x31, 0x30, 0x37, 0x60, 0xA0, 0x28, 0x92,
  0x93, 0x5C, 0x2E, 0x5F, 0x53, 0x42, 0x5F, 0x41,
  0x50, 0x30, 0x33, 0x0A, 0x00, 0xA0, 0x18, 0x95,
  0x5C, 0x2E, 0x5F, 0x53, 0x42, 0x5F, 0x41, 0x50,
  0x30, 0x33, 0x60, 0xA4, 0x5C, 0x2E, 0x5F, 0x53,
  0x42, 0x5F, 0x41, 0x50, 0x30, 0x33, 0xA4, 0x60,
  0x14, 0x0B, 0x41, 0x31, 0x30, 0x30, 0x00, 0xA4,
  0x41, 0x42, 0x30, 0x32, 0x14, 0x0B, 0x41, 0x31,
  0x30, 0x33, 0x00, 0xA4, 0x41, 0x42, 0x30, 0x30,
  0x14, 0x30, 0x41, 0x30, 0x39, 0x39, 0x01, 0x70,
  0x68, 0x41, 0x42, 0x30, 0x32, 0x41, 0x31, 0x30,
  0x39, 0x68, 0xA0, 0x09, 0x92, 0x93, 0x41, 0x42,
  0x31, 0x30, 0x0A, 0x00, 0xA1, 0x01, 0x41, 0x31,
  0x31, 0x30, 0x0A, 0x00, 0x08, 0x41, 0x31, 0x31,
  0x31, 0x0A, 0x00, 0x41, 0x31, 0x31, 0x30, 0x0A,
  0x01, 0x14, 0x0C, 0x41, 0x31, 0x30, 0x34, 0x01,
  0x70, 0x68, 0x41, 0x42, 0x31, 0x30, 0x14, 0x22,
  0x41, 0x31, 0x30, 0x35, 0x01, 0x7A, 0x68, 0x0A,
  0x08, 0x60, 0xA0, 0x13, 0x90, 0x92, 0x95, 0x60,
  0x41, 0x31, 0x31, 0x32, 0x92, 0x94, 0x60, 0x41,
  0x31, 0x31, 0x33, 0xA4, 0x0A, 0x01, 0xA4, 0x0A,
  0x00, 0x14, 0x1F, 0x41, 0x31, 0x31, 0x34, 0x01,
  0x7D, 0x41, 0x42, 0x30, 0x44, 0x79, 0x41, 0x42,
  0x30, 0x43, 0x0A, 0x03, 0x00, 0x60, 0xA0, 0x07,
  0x93, 0x68, 0x60, 0xA4, 0x0A, 0x01, 0xA4, 0x0A,
  0x00, 0x14, 0x0D, 0x41, 0x31, 0x30, 0x36, 0x00,
  0x70, 0x0A, 0x00, 0x41, 0x42, 0x31, 0x30, 0x14,
  0x25, 0x41, 0x31, 0x30, 0x39, 0x01, 0xA0, 0x06,
  0x92, 0x95, 0x68, 0x0A, 0x02, 0xA0, 0x06, 0x92,
  0x95, 0x68, 0x0A, 0x03, 0xA0, 0x0E, 0x93, 0x68,
  0x0A, 0x01, 0xA0, 0x08, 0x93, 0x41, 0x42, 0x30,
  0x34, 0x0A, 0x01, 0xA1, 0x01, 0x14, 0x4D, 0x0F,
  0x41, 0x31, 0x31, 0x35, 0x01, 0x70, 0x0A, 0x00,
  0x60, 0x70, 0x41, 0x31, 0x31, 0x36, 0x60, 0x0A,
  0x00, 0x61, 0x70, 0x41, 0x31, 0x31, 0x36, 0x60,
  0x0A, 0x08, 0x62, 0xA0, 0x4F, 0x0D, 0x92, 0x93,
  0x61, 0x0C, 0xFF, 0xFF, 0xFF, 0xFF, 0x7B, 0x7A,
  0x61, 0x0A, 0x10, 0x00, 0x0B, 0xFF, 0xFF, 0x63,
  0x7B, 0x61, 0x0B, 0xFF, 0xFF, 0x61, 0x7B, 0x7A,
  0x62, 0x0A, 0x18, 0x00, 0x0A, 0xFF, 0x62, 0xA0,
  0x4B, 0x0B, 0x93, 0x62, 0x0A, 0x03, 0xA0, 0x44,
  0x0B, 0x91, 0x93, 0x61, 0x0B, 0x02, 0x10, 0x93,
  0x61, 0x0B, 0x22, 0x10, 0x70, 0x0A, 0x10, 0x60,
  0xA2, 0x42, 0x0A, 0x95, 0x60, 0x0A, 0x30, 0x70,
  0x41, 0x31, 0x31, 0x36, 0x0A, 0x00, 0x60, 0x64,
  0x70, 0x0A, 0x00, 0x65, 0xA0, 0x48, 0x07, 0x90,
  0x93, 0x7B, 0x64, 0x0A, 0x09, 0x00, 0x0A, 0x00,
  0x92, 0x93, 0x64, 0x0A, 0x00, 0xA0, 0x17, 0x93,
  0x7B, 0x64, 0x0A, 0x06, 0x00, 0x0A, 0x04, 0x72,
  0x60, 0x0A, 0x04, 0x60, 0x70, 0x41, 0x31, 0x31,
  0x36, 0x0A, 0x00, 0x60, 0x65, 0xA0, 0x34, 0x92,
  0x93, 0x68, 0x0A, 0x00, 0x41, 0x31, 0x31, 0x37,
  0x0A, 0x25, 0x7B, 0x64, 0x0C, 0xF0, 0xFF, 0xFF,
  0xFF, 0x00, 0x0A, 0x00, 0x41, 0x31, 0x31, 0x37,
  0x0A, 0x26, 0x65, 0x0A, 0x00, 0x41, 0x31, 0x31,
  0x37, 0x0A, 0x28, 0x0A, 0x00, 0x0A, 0x00, 0x41,
  0x31, 0x31, 0x37, 0x0A, 0x27, 0x0A, 0x00, 0x0A,
  0x00, 0xA5, 0xA1, 0x1A, 0x41, 0x31, 0x31, 0x37,
  0x0A, 0x28, 0x0A, 0x00, 0x0A, 0x00, 0x41, 0x31,
  0x31, 0x37, 0x0A, 0x07, 0x0A, 0x00, 0x79, 0x0A,
  0x01, 0x0A, 0x0A, 0x00, 0xA5, 0xA1, 0x10, 0xA0,
  0x0E, 0x93, 0x7B, 0x64, 0x0A, 0x06, 0x00, 0x0A,
  0x04, 0x72, 0x60, 0x0A, 0x04, 0x60, 0x72, 0x60,
  0x0A, 0x04, 0x60, 0x14, 0x42, 0x05, 0x41, 0x31,
  0x32, 0x39, 0x02, 0xA0, 0x11, 0x93, 0x41, 0x31,
  0x31, 0x36, 0x68, 0x0A, 0x00, 0x0C, 0xFF, 0xFF,
  0xFF, 0xFF, 0xA4, 0x0A, 0x00, 0x70, 0x41, 0x31,
  0x31, 0x36, 0x68, 0x0A, 0x34, 0x60, 0xA2, 0x2F,
  0x0A, 0x01, 0x70, 0x41, 0x31, 0x31, 0x36, 0x68,
  0x7B, 0x60, 0x0A, 0xFF, 0x00, 0x61, 0xA0, 0x0E,
  0x93, 0x7B, 0x61, 0x0A, 0xFF, 0x00, 0x69, 0xA4,
  0x7B, 0x60, 0x0A, 0xFF, 0x00, 0x7B, 0x7A, 0x61,
  0x0A, 0x08, 0x00, 0x0A, 0xFF, 0x60, 0xA0, 0x07,
  0x93, 0x60, 0x0A, 0x00, 0xA4, 0x60, 0x08, 0x41,
  0x45, 0x53, 0x50, 0x12, 0x12, 0x08, 0x0A, 0x00,
  0x0A, 0x00, 0x0A, 0x00, 0x0A, 0x00, 0x0A, 0x00,
  0x0A, 0x00, 0x0A, 0x00, 0x0A, 0x00, 0x14, 0x47,
  0x09, 0x41, 0x31, 0x31, 0x30, 0x01, 0x70, 0x0A,
  0x00, 0x60, 0xA0, 0x49, 0x08, 0x92, 0x93, 0x41,
  0x31, 0x31, 0x36, 0x60, 0x0A, 0x00, 0x0C, 0xFF,
  0xFF, 0xFF, 0xFF, 0x7B, 0x41, 0x31, 0x31, 0x36,
  0x60, 0x0A, 0x08, 0x0A, 0x80, 0x61, 0xA0, 0x09,
  0x93, 0x61, 0x0A, 0x80, 0x70, 0x0A, 0x07, 0x67,
  0xA1, 0x05, 0x70, 0x0A, 0x00, 0x67, 0xA2, 0x4D,
  0x05, 0x92, 0x94, 0x60, 0x67, 0x70, 0x41, 0x31,
  0x32, 0x39, 0x60, 0x0A, 0x10, 0x61, 0xA0, 0x08,
  0x93, 0x61, 0x0A, 0x00, 0x75, 0x60, 0x9F, 0xA0,
  0x2B, 0x93, 0x68, 0x0A, 0x00, 0x70, 0x41, 0x31,
  0x31, 0x36, 0x60, 0x72, 0x61, 0x0A, 0x10, 0x00,
  0x62, 0x41, 0x31, 0x32, 0x37, 0x60, 0x72, 0x61,
  0x0A, 0x10, 0x00, 0x7B, 0x62, 0x80, 0x0A, 0x03,
  0x00, 0x00, 0x70, 0x62, 0x88, 0x41, 0x45, 0x53,
  0x50, 0x60, 0x00, 0xA1, 0x16, 0x70, 0x83, 0x88,
  0x41, 0x45, 0x53, 0x50, 0x60, 0x00, 0x62, 0x41,
  0x31, 0x32, 0x37, 0x60, 0x72, 0x61, 0x0A, 0x10,
  0x00, 0x62, 0x75, 0x60, 0xA1, 0x01, 0x14, 0x3D,
  0x41, 0x31, 0x32, 0x37, 0x0B, 0x72, 0x41, 0x47,
  0x52, 0x42, 0x79, 0x41, 0x31, 0x31, 0x33, 0x0A,
  0x14, 0x00, 0x60, 0x72, 0x60, 0x79, 0x68, 0x0A,
  0x0C, 0x00, 0x60, 0x72, 0x60, 0x69, 0x60, 0x5B,
  0x80, 0x41, 0x44, 0x52, 0x42, 0x00, 0x60, 0x0A,
  0x04, 0x5B, 0x81, 0x0B, 0x41, 0x44, 0x52, 0x42,
  0x03, 0x41, 0x44, 0x52, 0x52, 0x20, 0x70, 0x6A,
  0x41, 0x44, 0x52, 0x52, 0x14, 0x3C, 0x41, 0x31,
  0x31, 0x36, 0x0A, 0x72, 0x41, 0x47, 0x52, 0x42,
  0x79, 0x41, 0x31, 0x31, 0x33, 0x0A, 0x14, 0x00,
  0x60, 0x72, 0x60, 0x79, 0x68, 0x0A, 0x0C, 0x00,
  0x60, 0x72, 0x60, 0x69, 0x60, 0x5B, 0x80, 0x41,
  0x44, 0x52, 0x42, 0x00, 0x60, 0x0A, 0x04, 0x5B,
  0x81, 0x0B, 0x41, 0x44, 0x52, 0x42, 0x03, 0x41,
  0x44, 0x52, 0x52, 0x20, 0xA4, 0x41, 0x44, 0x52,
  0x52, 0x14, 0x19, 0x41, 0x31, 0x32, 0x35, 0x01,
  0xA0, 0x0C, 0x92, 0x93, 0x41, 0x42, 0x30, 0x42,
  0x0A, 0x01, 0xA4, 0x0A, 0x00, 0xA4, 0x41, 0x31,
  0x31, 0x34, 0x68, 0x14, 0x45, 0x11, 0x41, 0x31,
  0x32, 0x36, 0x01, 0x08, 0x41, 0x31, 0x31, 0x31,
  0x0A, 0x00, 0x70, 0x0A, 0x00, 0x62, 0x70, 0x41,
  0x31, 0x31, 0x39, 0x41, 0x31, 0x31, 0x31, 0x7D,
  0x41, 0x42, 0x30, 0x44, 0x79, 0x41, 0x42, 0x30,
  0x43, 0x0A, 0x03, 0x00, 0x61, 0xA0, 0x10, 0x93,
  0x68, 0x0A, 0x01, 0x70, 0x0A, 0x00, 0x41, 0x31,
  0x32, 0x30, 0x70, 0x0A, 0x01, 0x60, 0xA1, 0x4D,
  0x05, 0x41, 0x31, 0x31, 0x30, 0x0A, 0x00, 0x70,
  0x41, 0x31, 0x31, 0x36, 0x0A, 0x00, 0x0A, 0x04,
  0x60, 0xA0, 0x3B, 0x92, 0x93, 0x60, 0x0C, 0xFF,
  0xFF, 0xFF, 0xFF, 0x41, 0x31, 0x32, 0x37, 0x0A,
  0x00, 0x0A, 0x04, 0x7B, 0x60, 0x80, 0x0A, 0x04,
  0x00, 0x00, 0x70, 0x41, 0x31, 0x31, 0x36, 0x0A,
  0x01, 0x0A, 0x04, 0x60, 0xA0, 0x18, 0x92, 0x93,
  0x60, 0x0C, 0xFF, 0xFF, 0xFF, 0xFF, 0x41, 0x31,
  0x32, 0x37, 0x0A, 0x01, 0x0A, 0x04, 0x7B, 0x60,
  0x80, 0x0A, 0x04, 0x00, 0x00, 0x70, 0x0A, 0x00,
  0x62, 0x70, 0x0A, 0x01, 0x41, 0x31, 0x32, 0x30,
  0x70, 0x0A, 0x05, 0x60, 0x70, 0x0A, 0x00, 0x41,
  0x31, 0x31, 0x39, 0xA2, 0x4A, 0x05, 0x92, 0x93,
  0x60, 0x0A, 0x08, 0xA0, 0x1A, 0x93, 0x60, 0x0A,
  0x01, 0x41, 0x31, 0x32, 0x38, 0x0A, 0x29, 0x61,
  0x0A, 0x00, 0x0A, 0x00, 0x0A, 0x00, 0x70, 0x0A,
  0x01, 0x62, 0x70, 0x0A, 0x08, 0x60, 0xA0, 0x37,
  0x93, 0x60, 0x0A, 0x05, 0x41, 0x31, 0x31, 0x36,
  0x0A, 0x00, 0x0A, 0x00, 0x41, 0x31, 0x32, 0x38,
  0x0A, 0x2A, 0x61, 0x0A, 0x00, 0x0A, 0x00, 0x0A,
  0x00, 0x70, 0x0A, 0x00, 0x41, 0x42, 0x30, 0x35,
  0x70, 0x0A, 0x00, 0x41, 0x42, 0x30, 0x34, 0x70,
  0x0A, 0x00, 0x41, 0x42, 0x31, 0x30, 0x70, 0x0A,
  0x00, 0x62, 0x70, 0x0A, 0x08, 0x60, 0x70, 0x41,
  0x31, 0x31, 0x31, 0x41, 0x31, 0x31, 0x39, 0xA0,
  0x0F, 0x92, 0x93, 0x41, 0x31, 0x31, 0x31, 0x0A,
  0x00, 0x41, 0x31, 0x31, 0x30, 0x0A, 0x01, 0xA4,
  0x62, 0x5B, 0x82, 0x45, 0x80, 0x41, 0x42, 0x52,
  0x33, 0x08, 0x5F, 0x48, 0x49, 0x44, 0x0C, 0x41,
  0xD0, 0x0C, 0x02, 0x08, 0x5F, 0x55, 0x49, 0x44,
  0x0A, 0x83, 0x08, 0x41, 0x42, 0x31, 0x32, 0x0A,
  0x5C, 0x08, 0x41, 0x42, 0x30, 0x30, 0x0A, 0x00,
  0x08, 0x41, 0x42, 0x30, 0x31, 0x0A, 0x00, 0x08,
  0x41, 0x42, 0x30, 0x45, 0x0A, 0x00, 0x08, 0x41,
  0x42, 0x30, 0x32, 0x0A, 0x00, 0x08, 0x41, 0x42,
  0x30, 0x33, 0x0A, 0x00, 0x08, 0x41, 0x42, 0x30,
  0x34, 0x0A, 0x00, 0x08, 0x41, 0x42, 0x30, 0x35,
  0x0A, 0x00, 0x08, 0x41, 0x42, 0x30, 0x36, 0x0A,
  0x00, 0x08, 0x41, 0x42, 0x30, 0x37, 0x0A, 0x00,
  0x08, 0x41, 0x42, 0x30, 0x38, 0x0A, 0x00, 0x08,
  0x41, 0x42, 0x30, 0x39, 0x0A, 0x00, 0x08, 0x41,
  0x42, 0x30, 0x41, 0x0A, 0x00, 0x08, 0x41, 0x42,
  0x30, 0x42, 0x0A, 0x00, 0x08, 0x41, 0x42, 0x30,
  0x43, 0x0A, 0x00, 0x08, 0x41, 0x42, 0x30, 0x44,
  0x0A, 0x00, 0x5B, 0x80, 0x41, 0x31, 0x31, 0x38,
  0x00, 0x72, 0x41, 0x47, 0x52, 0x42, 0x7D, 0x79,
  0x83, 0x88, 0x5C, 0x2E, 0x5F, 0x53, 0x42, 0x5F,
  0x41, 0x44, 0x41, 0x54, 0x72, 0x41, 0x42, 0x31,
  0x32, 0x0A, 0x0D, 0x00, 0x00, 0x0A, 0x0F, 0x00,
  0x79, 0x83, 0x88, 0x5C, 0x2E, 0x5F, 0x53, 0x42,
  0x5F, 0x41, 0x44, 0x41, 0x54, 0x72, 0x41, 0x42,
  0x31, 0x32, 0x0A, 0x0E, 0x00, 0x00, 0x0A, 0x0C,
  0x00, 0x00, 0x00, 0x0B, 0x00, 0x10, 0x5B, 0x81,
  0x42, 0x04, 0x41, 0x31, 0x31, 0x38, 0x01, 0x00,
  0x40, 0x0C, 0x00, 0x08, 0x41, 0x31, 0x31, 0x32,
  0x08, 0x41, 0x31, 0x31, 0x33, 0x08, 0x00, 0x48,
  0x26, 0x41, 0x31, 0x31, 0x39, 0x02, 0x00, 0x02,
  0x41, 0x31, 0x32, 0x30, 0x01, 0x41, 0x31, 0x32,
  0x31, 0x01, 0x00, 0x0A, 0x00, 0x0B, 0x41, 0x31,
  0x32, 0x32, 0x01, 0x00, 0x44, 0x0E, 0x41, 0x31,
  0x32, 0x33, 0x04, 0x00, 0x01, 0x41, 0x31, 0x32,
  0x34, 0x01, 0x08, 0x41, 0x42, 0x31, 0x30, 0x0A,
  0x00, 0x14, 0x4D, 0x18, 0x5F, 0x49, 0x4E, 0x49,
  0x00, 0x70, 0x83, 0x88, 0x5C, 0x2E, 0x5F, 0x53,
  0x42, 0x5F, 0x41, 0x44, 0x41, 0x54, 0x72, 0x41,
  0x42, 0x31, 0x32, 0x0A, 0x00, 0x00, 0x00, 0x41,
  0x42, 0x30, 0x30, 0x70, 0x83, 0x88, 0x5C, 0x2E,
  0x5F, 0x53, 0x42, 0x5F, 0x41, 0x44, 0x41, 0x54,
  0x72, 0x41, 0x42, 0x31, 0x32, 0x0A, 0x01, 0x00,
  0x00, 0x41, 0x42, 0x30, 0x45, 0x70, 0x83, 0x88,
  0x5C, 0x2E, 0x5F, 0x53, 0x42, 0x5F, 0x41, 0x44,
  0x41, 0x54, 0x72, 0x41, 0x42, 0x31, 0x32, 0x0A,
  0x02, 0x00, 0x00, 0x41, 0x42, 0x30, 0x31, 0x70,
  0x83, 0x88, 0x5C, 0x2E, 0x5F, 0x53, 0x42, 0x5F,
  0x41, 0x44, 0x41, 0x54, 0x72, 0x41, 0x42, 0x31,
  0x32, 0x0A, 0x03, 0x00, 0x00, 0x41, 0x42, 0x30,
  0x32, 0x70, 0x83, 0x88, 0x5C, 0x2E, 0x5F, 0x53,
  0x42, 0x5F, 0x41, 0x44, 0x41, 0x54, 0x72, 0x41,
  0x42, 0x31, 0x32, 0x0A, 0x04, 0x00, 0x00, 0x41,
  0x42, 0x30, 0x33, 0x70, 0x83, 0x88, 0x5C, 0x2E,
  0x5F, 0x53, 0x42, 0x5F, 0x41, 0x44, 0x41, 0x54,
  0x72, 0x41, 0x42, 0x31, 0x32, 0x0A, 0x05, 0x00,
  0x00, 0x41, 0x42, 0x30, 0x34, 0x70, 0x83, 0x88,
  0x5C, 0x2E, 0x5F, 0x53, 0x42, 0x5F, 0x41, 0x44,
  0x41, 0x54, 0x72, 0x41, 0x42, 0x31, 0x32, 0x0A,
  0x06, 0x00, 0x00, 0x41, 0x42, 0x30, 0x35, 0x70,
  0x83, 0x88, 0x5C, 0x2E, 0x5F, 0x53, 0x42, 0x5F,
  0x41, 0x44, 0x41, 0x54, 0x72, 0x41, 0x42, 0x31,
  0x32, 0x0A, 0x07, 0x00, 0x00, 0x41, 0x42, 0x30,
  0x36, 0x70, 0x83, 0x88, 0x5C, 0x2E, 0x5F, 0x53,
  0x42, 0x5F, 0x41, 0x44, 0x41, 0x54, 0x72, 0x41,
  0x42, 0x31, 0x32, 0x0A, 0x08, 0x00, 0x00, 0x41,
  0x42, 0x30, 0x37, 0x70, 0x83, 0x88, 0x5C, 0x2E,
  0x5F, 0x53, 0x42, 0x5F, 0x41, 0x44, 0x41, 0x54,
  0x72, 0x41, 0x42, 0x31, 0x32, 0x0A, 0x09, 0x00,
  0x00, 0x41, 0x42, 0x30, 0x38, 0x70, 0x83, 0x88,
  0x5C, 0x2E, 0x5F, 0x53, 0x42, 0x5F, 0x41, 0x44,
  0x41, 0x54, 0x72, 0x41, 0x42, 0x31, 0x32, 0x0A,
  0x0A, 0x00, 0x00, 0x41, 0x42, 0x30, 0x39, 0x70,
  0x83, 0x88, 0x5C, 0x2E, 0x5F, 0x53, 0x42, 0x5F,
  0x41, 0x44, 0x41, 0x54, 0x72, 0x41, 0x42, 0x31,
  0x32, 0x0A, 0x0B, 0x00, 0x00, 0x41, 0x42, 0x30,
  0x41, 0x70, 0x83, 0x88, 0x5C, 0x2E, 0x5F, 0x53,
  0x42, 0x5F, 0x41, 0x44, 0x41, 0x54, 0x72, 0x41,
  0x42, 0x31, 0x32, 0x0A, 0x0C, 0x00, 0x00, 0x41,
  0x42, 0x30, 0x42, 0x70, 0x83, 0x88, 0x5C, 0x2E,
  0x5F, 0x53, 0x42, 0x5F, 0x41, 0x44, 0x41, 0x54,
  0x72, 0x41, 0x42, 0x31, 0x32, 0x0A, 0x0D, 0x00,
  0x00, 0x41, 0x42, 0x30, 0x43, 0x70, 0x83, 0x88,
  0x5C, 0x2E, 0x5F, 0x53, 0x42, 0x5F, 0x41, 0x44,
  0x41, 0x54, 0x72, 0x41, 0x42, 0x31, 0x32, 0x0A,
  0x0E, 0x00, 0x00, 0x41, 0x42, 0x30, 0x44, 0x14,
  0x22, 0x41, 0x31, 0x30, 0x37, 0x00, 0x70, 0x41,
  0x30, 0x38, 0x39, 0x60, 0xA0, 0x0A, 0x93, 0x60,
  0x0A, 0x01, 0xA4, 0x41, 0x42, 0x30, 0x31, 0xA0,
  0x0A, 0x93, 0x60, 0x0A, 0x00, 0xA4, 0x41, 0x42,
  0x30, 0x45, 0x14, 0x1F, 0x41, 0x31, 0x30, 0x32,
  0x00, 0xA0, 0x15, 0x92, 0x93, 0x41, 0x42, 0x31,
  0x30, 0x0A, 0x00, 0xA0, 0x0B, 0x93, 0x41, 0x42,
  0x31, 0x30, 0x0A, 0x01, 0xA4, 0x0A, 0x01, 0xA4,
  0x0A, 0x00, 0x14, 0x2A, 0x41, 0x31, 0x30, 0x38,
  0x00, 0xA0, 0x0E, 0x92, 0x93, 0x41, 0x42, 0x30,
  0x35, 0x0A, 0x00, 0xA4, 0x41, 0x42, 0x30, 0x35,
  0xA0, 0x11, 0x94, 0x41, 0x42, 0x31, 0x30, 0x0A,
  0x01, 0xA4, 0x74, 0x41, 0x42, 0x31, 0x30, 0x0A,
  0x01, 0x00, 0xA4, 0x0A, 0x00, 0x14, 0x49, 0x07,
  0x41, 0x31, 0x30, 0x31, 0x00, 0xA0, 0x22, 0x93,
  0x5C, 0x2E, 0x5F, 0x53, 0x42, 0x5F, 0x41, 0x50,
  0x30, 0x35, 0x0A, 0x00, 0xA0, 0x0E, 0x92, 0x93,
  0x41, 0x42, 0x30, 0x35, 0x0A, 0x00, 0xA4, 0x41,
  0x42, 0x30, 0x35, 0xA4, 0x41, 0x42, 0x30, 0x45,
  0x70, 0x41, 0x31, 0x30, 0x38, 0x60, 0xA0, 0x17,
  0x92, 0x93, 0x60, 0x0A, 0x00, 0xA0, 0x0C, 0x94,
  0x60, 0x41, 0x42, 0x30, 0x30, 0xA4, 0x41, 0x42,
  0x30, 0x30, 0xA1, 0x03, 0xA4, 0x60, 0x70, 0x41,
  0x31, 0x30, 0x37, 0x60, 0xA0, 0x28, 0x92, 0x93,
  0x5C, 0x2E, 0x5F, 0x53, 0x42, 0x5F, 0x41, 0x50,
  0x30, 0x33, 0x0A, 0x00, 0xA0, 0x18, 0x95, 0x5C,
  0x2E, 0x5F, 0x53, 0x42, 0x5F, 0x41, 0x50, 0x30,
  0x33, 0x60, 0xA4, 0x5C, 0x2E, 0x5F, 0x53, 0x42,
  0x5F, 0x41, 0x50, 0x30, 0x33, 0xA4, 0x60, 0x14,
  0x0B, 0x41, 0x31, 0x30, 0x30, 0x00, 0xA4, 0x41,
  0x42, 0x30, 0x32, 0x14, 0x0B, 0x41, 0x31, 0x30,
  0x33, 0x00, 0xA4, 0x41, 0x42, 0x30, 0x30, 0x14,
  0x30, 0x41, 0x30, 0x39, 0x39, 0x01, 0x70, 0x68,
  0x41, 0x42, 0x30, 0x32, 0x41, 0x31, 0x30, 0x39,
  0x68, 0xA0, 0x09, 0x92, 0x93, 0x41, 0x42, 0x31,
  0x30, 0x0A, 0x00, 0xA1, 0x01, 0x41, 0x31, 0x31,
  0x30, 0x0A, 0x00, 0x08, 0x41, 0x31, 0x31, 0x31,
  0x0A, 0x00, 0x41, 0x31, 0x31, 0x30, 0x0A, 0x01,
  0x14, 0x0C, 0x41, 0x31, 0x30, 0x34, 0x01, 0x70,
  0x68, 0x41, 0x42, 0x31, 0x30, 0x14, 0x22, 0x41,
  0x31, 0x30, 0x35, 0x01, 0x7A, 0x68, 0x0A, 0x08,
  0x60, 0xA0, 0x13, 0x90, 0x92, 0x95, 0x60, 0x41,
  0x31, 0x31, 0x32, 0x92, 0x94, 0x60, 0x41, 0x31,
  0x31, 0x33, 0xA4, 0x0A, 0x01, 0xA4, 0x0A, 0x00,
  0x14, 0x1F, 0x41, 0x31, 0x31, 0x34, 0x01, 0x7D,
  0x41, 0x42, 0x30, 0x44, 0x79, 0x41, 0x42, 0x30,
  0x43, 0x0A, 0x03, 0x00, 0x60, 0xA0, 0x07, 0x93,
  0x68, 0x60, 0xA4, 0x0A, 0x01, 0xA4, 0x0A, 0x00,
  0x14, 0x0D, 0x41, 0x31, 0x30, 0x36, 0x00, 0x70,
  0x0A, 0x00, 0x41, 0x42, 0x31, 0x30, 0x14, 0x25,
  0x41, 0x31, 0x30, 0x39, 0x01, 0xA0, 0x06, 0x92,
  0x95, 0x68, 0x0A, 0x02, 0xA0, 0x06, 0x92, 0x95,
  0x68, 0x0A, 0x03, 0xA0, 0x0E, 0x93, 0x68, 0x0A,
  0x01, 0xA0, 0x08, 0x93, 0x41, 0x42, 0x30, 0x34,
  0x0A, 0x01, 0xA1, 0x01, 0x14, 0x4D, 0x0F, 0x41,
  0x31, 0x31, 0x35, 0x01, 0x70, 0x0A, 0x00, 0x60,
  0x70, 0x41, 0x31, 0x31, 0x36, 0x60, 0x0A, 0x00,
  0x61, 0x70, 0x41, 0x31, 0x31, 0x36, 0x60, 0x0A,
  0x08, 0x62, 0xA0, 0x4F, 0x0D, 0x92, 0x93, 0x61,
  0x0C, 0xFF, 0xFF, 0xFF, 0xFF, 0x7B, 0x7A, 0x61,
  0x0A, 0x10, 0x00, 0x0B, 0xFF, 0xFF, 0x63, 0x7B,
  0x61, 0x0B, 0xFF, 0xFF, 0x61, 0x7B, 0x7A, 0x62,
  0x0A, 0x18, 0x00, 0x0A, 0xFF, 0x62, 0xA0, 0x4B,
  0x0B, 0x93, 0x62, 0x0A, 0x03, 0xA0, 0x44, 0x0B,
  0x91, 0x93, 0x61, 0x0B, 0x02, 0x10, 0x93, 0x61,
  0x0B, 0x22, 0x10, 0x70, 0x0A, 0x10, 0x60, 0xA2,
  0x42, 0x0A, 0x95, 0x60, 0x0A, 0x30, 0x70, 0x41,
  0x31, 0x31, 0x36, 0x0A, 0x00, 0x60, 0x64, 0x70,
  0x0A, 0x00, 0x65, 0xA0, 0x48, 0x07, 0x90, 0x93,
  0x7B, 0x64, 0x0A, 0x09, 0x00, 0x0A, 0x00, 0x92,
  0x93, 0x64, 0x0A, 0x00, 0xA0, 0x17, 0x93, 0x7B,
  0x64, 0x0A, 0x06, 0x00, 0x0A, 0x04, 0x72, 0x60,
  0x0A, 0x04, 0x60, 0x70, 0x41, 0x31, 0x31, 0x36,
  0x0A, 0x00, 0x60, 0x65, 0xA0, 0x34, 0x92, 0x93,
  0x68, 0x0A, 0x00, 0x41, 0x31, 0x31, 0x37, 0x0A,
  0x25, 0x7B, 0x64, 0x0C, 0xF0, 0xFF, 0xFF, 0xFF,
  0x00, 0x0A, 0x00, 0x41, 0x31, 0x31, 0x37, 0x0A,
  0x26, 0x65, 0x0A, 0x00, 0x41, 0x31, 0x31, 0x37,
  0x0A, 0x28, 0x0A, 0x00, 0x0A, 0x00, 0x41, 0x31,
  0x31, 0x37, 0x0A, 0x27, 0x0A, 0x00, 0x0A, 0x00,
  0xA5, 0xA1, 0x1A, 0x41, 0x31, 0x31, 0x37, 0x0A,
  0x28, 0x0A, 0x00, 0x0A, 0x00, 0x41, 0x31, 0x31,
  0x37, 0x0A, 0x07, 0x0A, 0x00, 0x79, 0x0A, 0x01,
  0x0A, 0x0A, 0x00, 0xA5, 0xA1, 0x10, 0xA0, 0x0E,
  0x93, 0x7B, 0x64, 0x0A, 0x06, 0x00, 0x0A, 0x04,
  0x72, 0x60, 0x0A, 0x04, 0x60, 0x72, 0x60, 0x0A,
  0x04, 0x60, 0x14, 0x42, 0x05, 0x41, 0x31, 0x32,
  0x39, 0x02, 0xA0, 0x11, 0x93, 0x41, 0x31, 0x31,
  0x36, 0x68, 0x0A, 0x00, 0x0C, 0xFF, 0xFF, 0xFF,
  0xFF, 0xA4, 0x0A, 0x00, 0x70, 0x41, 0x31, 0x31,
  0x36, 0x68, 0x0A, 0x34, 0x60, 0xA2, 0x2F, 0x0A,
  0x01, 0x70, 0x41, 0x31, 0x31, 0x36, 0x68, 0x7B,
  0x60, 0x0A, 0xFF, 0x00, 0x61, 0xA0, 0x0E, 0x93,
  0x7B, 0x61, 0x0A, 0xFF, 0x00, 0x69, 0xA4, 0x7B,
  0x60, 0x0A, 0xFF, 0x00, 0x7B, 0x7A, 0x61, 0x0A,
  0x08, 0x00, 0x0A, 0xFF, 0x60, 0xA0, 0x07, 0x93,
  0x60, 0x0A, 0x00, 0xA4, 0x60, 0x08, 0x41, 0x45,
  0x53, 0x50, 0x12, 0x12, 0x08, 0x0A, 0x00, 0x0A,
  0x00, 0x0A, 0x00, 0x0A, 0x00, 0x0A, 0x00, 0x0A,
  0x00, 0x0A, 0x00, 0x0A, 0x00, 0x14, 0x47, 0x09,
  0x41, 0x31, 0x31, 0x30, 0x01, 0x70, 0x0A, 0x00,
  0x60, 0xA0, 0x49, 0x08, 0x92, 0x93, 0x41, 0x31,
  0x31, 0x36, 0x60, 0x0A, 0x00, 0x0C, 0xFF, 0xFF,
  0xFF, 0xFF, 0x7B, 0x41, 0x31, 0x31, 0x36, 0x60,
  0x0A, 0x08, 0x0A, 0x80, 0x61, 0xA0, 0x09, 0x93,
  0x61, 0x0A, 0x80, 0x70, 0x0A, 0x07, 0x67, 0xA1,
  0x05, 0x70, 0x0A, 0x00, 0x67, 0xA2, 0x4D, 0x05,
  0x92, 0x94, 0x60, 0x67, 0x70, 0x41, 0x31, 0x32,
  0x39, 0x60, 0x0A, 0x10, 0x61, 0xA0, 0x08, 0x93,
  0x61, 0x0A, 0x00, 0x75, 0x60, 0x9F, 0xA0, 0x2B,
  0x93, 0x68, 0x0A, 0x00, 0x70, 0x41, 0x31, 0x31,
  0x36, 0x60, 0x72, 0x61, 0x0A, 0x10, 0x00, 0x62,
  0x41, 0x31, 0x32, 0x37, 0x60, 0x72, 0x61, 0x0A,
  0x10, 0x00, 0x7B, 0x62, 0x80, 0x0A, 0x03, 0x00,
  0x00, 0x70, 0x62, 0x88, 0x41, 0x45, 0x53, 0x50,
  0x60, 0x00, 0xA1, 0x16, 0x70, 0x83, 0x88, 0x41,
  0x45, 0x53, 0x50, 0x60, 0x00, 0x62, 0x41, 0x31,
  0x32, 0x37, 0x60, 0x72, 0x61, 0x0A, 0x10, 0x00,
  0x62, 0x75, 0x60, 0xA1, 0x01, 0x14, 0x3D, 0x41,
  0x31, 0x32, 0x37, 0x0B, 0x72, 0x41, 0x47, 0x52,
  0x42, 0x79, 0x41, 0x31, 0x31, 0x33, 0x0A, 0x14,
  0x00, 0x60, 0x72, 0x60, 0x79, 0x68, 0x0A, 0x0C,
  0x00, 0x60, 0x72, 0x60, 0x69, 0x60, 0x5B, 0x80,
  0x41, 0x44, 0x52, 0x42, 0x00, 0x60, 0x0A, 0x04,
  0x5B, 0x81, 0x0B, 0x41, 0x44, 0x52, 0x42, 0x03,
  0x41, 0x44, 0x52, 0x52, 0x20, 0x70, 0x6A, 0x41,
  0x44, 0x52, 0x52, 0x14, 0x3C, 0x41, 0x31, 0x31,
  0x36, 0x0A, 0x72, 0x41, 0x47, 0x52, 0x42, 0x79,
  0x41, 0x31, 0x31, 0x33, 0x0A, 0x14, 0x00, 0x60,
  0x72, 0x60, 0x79, 0x68, 0x0A, 0x0C, 0x00, 0x60,
  0x72, 0x60, 0x69, 0x60, 0x5B, 0x80, 0x41, 0x44,
  0x52, 0x42, 0x00, 0x60, 0x0A, 0x04, 0x5B, 0x81,
  0x0B, 0x41, 0x44, 0x52, 0x42, 0x03, 0x41, 0x44,
  0x52, 0x52, 0x20, 0xA4, 0x41, 0x44, 0x52, 0x52,
  0x14, 0x19, 0x41, 0x31, 0x32, 0x35, 0x01, 0xA0,
  0x0C, 0x92, 0x93, 0x41, 0x42, 0x30, 0x42, 0x0A,
  0x01, 0xA4, 0x0A, 0x00, 0xA4, 0x41, 0x31, 0x31,
  0x34, 0x68, 0x14, 0x45, 0x11, 0x41, 0x31, 0x32,
  0x36, 0x01, 0x08, 0x41, 0x31, 0x31, 0x31, 0x0A,
  0x00, 0x70, 0x0A, 0x00, 0x62, 0x70, 0x41, 0x31,
  0x31, 0x39, 0x41, 0x31, 0x31, 0x31, 0x7D, 0x41,
  0x42, 0x30, 0x44, 0x79, 0x41, 0x42, 0x30, 0x43,
  0x0A, 0x03, 0x00, 0x61, 0xA0, 0x10, 0x93, 0x68,
  0x0A, 0x01, 0x70, 0x0A, 0x00, 0x41, 0x31, 0x32,
  0x30, 0x70, 0x0A, 0x01, 0x60, 0xA1, 0x4D, 0x05,
  0x41, 0x31, 0x31, 0x30, 0x0A, 0x00, 0x70, 0x41,
  0x31, 0x31, 0x36, 0x0A, 0x00, 0x0A, 0x04, 0x60,
  0xA0, 0x3B, 0x92, 0x93, 0x60, 0x0C, 0xFF, 0xFF,
  0xFF, 0xFF, 0x41, 0x31, 0x32, 0x37, 0x0A, 0x00,
  0x0A, 0x04, 0x7B, 0x60, 0x80, 0x0A, 0x04, 0x00,
  0x00, 0x70, 0x41, 0x31, 0x31, 0x36, 0x0A, 0x01,
  0x0A, 0x04, 0x60, 0xA0, 0x18, 0x92, 0x93, 0x60,
  0x0C, 0xFF, 0xFF, 0xFF, 0xFF, 0x41, 0x31, 0x32,
  0x37, 0x0A, 0x01, 0x0A, 0x04, 0x7B, 0x60, 0x80,
  0x0A, 0x04, 0x00, 0x00, 0x70, 0x0A, 0x00, 0x62,
  0x70, 0x0A, 0x01, 0x41, 0x31, 0x32, 0x30, 0x70,
  0x0A, 0x05, 0x60, 0x70, 0x0A, 0x00, 0x41, 0x31,
  0x31, 0x39, 0xA2, 0x4A, 0x05, 0x92, 0x93, 0x60,
  0x0A, 0x08, 0xA0, 0x1A, 0x93, 0x60, 0x0A, 0x01,
  0x41, 0x31, 0x32, 0x38, 0x0A, 0x29, 0x61, 0x0A,
  0x00, 0x0A, 0x00, 0x0A, 0x00, 0x70, 0x0A, 0x01,
  0x62, 0x70, 0x0A, 0x08, 0x60, 0xA0, 0x37, 0x93,
  0x60, 0x0A, 0x05, 0x41, 0x31, 0x31, 0x36, 0x0A,
  0x00, 0x0A, 0x00, 0x41, 0x31, 0x32, 0x38, 0x0A,
  0x2A, 0x61, 0x0A, 0x00, 0x0A, 0x00, 0x0A, 0x00,
  0x70, 0x0A, 0x00, 0x41, 0x42, 0x30, 0x35, 0x70,
  0x0A, 0x00, 0x41, 0x42, 0x30, 0x34, 0x70, 0x0A,
  0x00, 0x41, 0x42, 0x31, 0x30, 0x70, 0x0A, 0x00,
  0x62, 0x70, 0x0A, 0x08, 0x60, 0x70, 0x41, 0x31,
  0x31, 0x31, 0x41, 0x31, 0x31, 0x39, 0xA0, 0x0F,
  0x92, 0x93, 0x41, 0x31, 0x31, 0x31, 0x0A, 0x00,
  0x41, 0x31, 0x31, 0x30, 0x0A, 0x01, 0xA4, 0x62,
  0x5B, 0x82, 0x45, 0x80, 0x41, 0x42, 0x52, 0x34,
  0x08, 0x5F, 0x48, 0x49, 0x44, 0x0C, 0x41, 0xD0,
  0x0C, 0x02, 0x08, 0x5F, 0x55, 0x49, 0x44, 0x0A,
  0x84, 0x08, 0x41, 0x42, 0x31, 0x32, 0x0A, 0x70,
  0x08, 0x41, 0x42, 0x30, 0x30, 0x0A, 0x00, 0x08,
  0x41, 0x42, 0x30, 0x31, 0x0A, 0x00, 0x08, 0x41,
  0x42, 0x30, 0x45, 0x0A, 0x00, 0x08, 0x41, 0x42,
  0x30, 0x32, 0x0A, 0x00, 0x08, 0x41, 0x42, 0x30,
  0x33, 0x0A, 0x00, 0x08, 0x41, 0x42, 0x30, 0x34,
  0x0A, 0x00, 0x08, 0x41, 0x42, 0x30, 0x35, 0x0A,
  0x00, 0x08, 0x41, 0x42, 0x30, 0x36, 0x0A, 0x00,
  0x08, 0x41, 0x42, 0x30, 0x37, 0x0A, 0x00, 0x08,
  0x41, 0x42, 0x30, 0x38, 0x0A, 0x00, 0x08, 0x41,
  0x42, 0x30, 0x39, 0x0A, 0x00, 0x08, 0x41, 0x42,
  0x30, 0x41, 0x0A, 0x00, 0x08, 0x41, 0x42, 0x30,
  0x42, 0x0A, 0x00, 0x08, 0x41, 0x42, 0x30, 0x43,
  0x0A, 0x00, 0x08, 0x41, 0x42, 0x30, 0x44, 0x0A,
  0x00, 0x5B, 0x80, 0x41, 0x31, 0x31, 0x38, 0x00,
  0x72, 0x41, 0x47, 0x52, 0x42, 0x7D, 0x79, 0x83,
  0x88, 0x5C, 0x2E, 0x5F, 0x53, 0x42, 0x5F, 0x41,
  0x44, 0x41, 0x54, 0x72, 0x41, 0x42, 0x31, 0x32,
  0x0A, 0x0D, 0x00, 0x00, 0x0A, 0x0F, 0x00, 0x79,
  0x83, 0x88, 0x5C, 0x2E, 0x5F, 0x53, 0x42, 0x5F,
  0x41, 0x44, 0x41, 0x54, 0x72, 0x41, 0x42, 0x31,
  0x32, 0x0A, 0x0E, 0x00, 0x00, 0x0A, 0x0C, 0x00,
  0x00, 0x00, 0x0B, 0x00, 0x10, 0x5B, 0x81, 0x42,
  0x04, 0x41, 0x31, 0x31, 0x38, 0x01, 0x00, 0x40,
  0x0C, 0x00, 0x08, 0x41, 0x31, 0x31, 0x32, 0x08,
  0x41, 0x31, 0x31, 0x33, 0x08, 0x00, 0x48, 0x26,
  0x41, 0x31, 0x31, 0x39, 0x02, 0x00, 0x02, 0x41,
  0x31, 0x32, 0x30, 0x01, 0x41, 0x31, 0x32, 0x31,
  0x01, 0x00, 0x0A, 0x00, 0x0B, 0x41, 0x31, 0x32,
  0x32, 0x01, 0x00, 0x44, 0x0E, 0x41, 0x31, 0x32,
  0x33, 0x04, 0x00, 0x01, 0x41, 0x31, 0x32, 0x34,
  0x01, 0x08, 0x41, 0x42, 0x31, 0x30, 0x0A, 0x00,
  0x14, 0x4D, 0x18, 0x5F, 0x49, 0x4E, 0x49, 0x00,
  0x70, 0x83, 0x88, 0x5C, 0x2E, 0x5F, 0x53, 0x42,
  0x5F, 0x41, 0x44, 0x41, 0x54, 0x72, 0x41, 0x42,
  0x31, 0x32, 0x0A, 0x00, 0x00, 0x00, 0x41, 0x42,
  0x30, 0x30, 0x70, 0x83, 0x88, 0x5C, 0x2E, 0x5F,
  0x53, 0x42, 0x5F, 0x41, 0x44, 0x41, 0x54, 0x72,
  0x41, 0x42, 0x31, 0x32, 0x0A, 0x01, 0x00, 0x00,
  0x41, 0x42, 0x30, 0x45, 0x70, 0x83, 0x88, 0x5C,
  0x2E, 0x5F, 0x53, 0x42, 0x5F, 0x41, 0x44, 0x41,
  0x54, 0x72, 0x41, 0x42, 0x31, 0x32, 0x0A, 0x02,
  0x00, 0x00, 0x41, 0x42, 0x30, 0x31, 0x70, 0x83,
  0x88, 0x5C, 0x2E, 0x5F, 0x53, 0x42, 0x5F, 0x41,
  0x44, 0x41, 0x54, 0x72, 0x41, 0x42, 0x31, 0x32,
  0x0A, 0x03, 0x00, 0x00, 0x41, 0x42, 0x30, 0x32,
  0x70, 0x83, 0x88, 0x5C, 0x2E, 0x5F, 0x53, 0x42,
  0x5F, 0x41, 0x44, 0x41, 0x54, 0x72, 0x41, 0x42,
  0x31, 0x32, 0x0A, 0x04, 0x00, 0x00, 0x41, 0x42,
  0x30, 0x33, 0x70, 0x83, 0x88, 0x5C, 0x2E, 0x5F,
  0x53, 0x42, 0x5F, 0x41, 0x44, 0x41, 0x54, 0x72,
  0x41, 0x42, 0x31, 0x32, 0x0A, 0x05, 0x00, 0x00,
  0x41, 0x42, 0x30, 0x34, 0x70, 0x83, 0x88, 0x5C,
  0x2E, 0x5F, 0x53, 0x42, 0x5F, 0x41, 0x44, 0x41,
  0x54, 0x72, 0x41, 0x42, 0x31, 0x32, 0x0A, 0x06,
  0x00, 0x00, 0x41, 0x42, 0x30, 0x35, 0x70, 0x83,
  0x88, 0x5C, 0x2E, 0x5F, 0x53, 0x42, 0x5F, 0x41,
  0x44, 0x41, 0x54, 0x72, 0x41, 0x42, 0x31, 0x32,
  0x0A, 0x07, 0x00, 0x00, 0x41, 0x42, 0x30, 0x36,
  0x70, 0x83, 0x88, 0x5C, 0x2E, 0x5F, 0x53, 0x42,
  0x5F, 0x41, 0x44, 0x41, 0x54, 0x72, 0x41, 0x42,
  0x31, 0x32, 0x0A, 0x08, 0x00, 0x00, 0x41, 0x42,
  0x30, 0x37, 0x70, 0x83, 0x88, 0x5C, 0x2E, 0x5F,
  0x53, 0x42, 0x5F, 0x41, 0x44, 0x41, 0x54, 0x72,
  0x41, 0x42, 0x31, 0x32, 0x0A, 0x09, 0x00, 0x00,
  0x41, 0x42, 0x30, 0x38, 0x70, 0x83, 0x88, 0x5C,
  0x2E, 0x5F, 0x53, 0x42, 0x5F, 0x41, 0x44, 0x41,
  0x54, 0x72, 0x41, 0x42, 0x31, 0x32, 0x0A, 0x0A,
  0x00, 0x00, 0x41, 0x42, 0x30, 0x39, 0x70, 0x83,
  0x88, 0x5C, 0x2E, 0x5F, 0x53, 0x42, 0x5F, 0x41,
  0x44, 0x41, 0x54, 0x72, 0x41, 0x42, 0x31, 0x32,
  0x0A, 0x0B, 0x00, 0x00, 0x41, 0x42, 0x30, 0x41,
  0x70, 0x83, 0x88, 0x5C, 0x2E, 0x5F, 0x53, 0x42,
  0x5F, 0x41, 0x44, 0x41, 0x54, 0x72, 0x41, 0x42,
  0x31, 0x32, 0x0A, 0x0C, 0x00, 0x00, 0x41, 0x42,
  0x30, 0x42, 0x70, 0x83, 0x88, 0x5C, 0x2E, 0x5F,
  0x53, 0x42, 0x5F, 0x41, 0x44, 0x41, 0x54, 0x72,
  0x41, 0x42, 0x31, 0x32, 0x0A, 0x0D, 0x00, 0x00,
  0x41, 0x42, 0x30, 0x43, 0x70, 0x83, 0x88, 0x5C,
  0x2E, 0x5F, 0x53, 0x42, 0x5F, 0x41, 0x44, 0x41,
  0x54, 0x72, 0x41, 0x42, 0x31, 0x32, 0x0A, 0x0E,
  0x00, 0x00, 0x41, 0x42, 0x30, 0x44, 0x14, 0x22,
  0x41, 0x31, 0x30, 0x37, 0x00, 0x70, 0x41, 0x30,
  0x38, 0x39, 0x60, 0xA0, 0x0A, 0x93, 0x60, 0x0A,
  0x01, 0xA4, 0x41, 0x42, 0x30, 0x31, 0xA0, 0x0A,
  0x93, 0x60, 0x0A, 0x00, 0xA4, 0x41, 0x42, 0x30,
  0x45, 0x14, 0x1F, 0x41, 0x31, 0x30, 0x32, 0x00,
  0xA0, 0x15, 0x92, 0x93, 0x41, 0x42, 0x31, 0x30,
  0x0A, 0x00, 0xA0, 0x0B, 0x93, 0x41, 0x42, 0x31,
  0x30, 0x0A, 0x01, 0xA4, 0x0A, 0x01, 0xA4, 0x0A,
  0x00, 0x14, 0x2A, 0x41, 0x31, 0x30, 0x38, 0x00,
  0xA0, 0x0E, 0x92, 0x93, 0x41, 0x42, 0x30, 0x35,
  0x0A, 0x00, 0xA4, 0x41, 0x42, 0x30, 0x35, 0xA0,
  0x11, 0x94, 0x41, 0x42, 0x31, 0x30, 0x0A, 0x01,
  0xA4, 0x74, 0x41, 0x42, 0x31, 0x30, 0x0A, 0x01,
  0x00, 0xA4, 0x0A, 0x00, 0x14, 0x49, 0x07, 0x41,
  0x31, 0x30, 0x31, 0x00, 0xA0, 0x22, 0x93, 0x5C,
  0x2E, 0x5F, 0x53, 0x42, 0x5F, 0x41, 0x50, 0x30,
  0x35, 0x0A, 0x00, 0xA0, 0x0E, 0x92, 0x93, 0x41,
  0x42, 0x30, 0x35, 0x0A, 0x00, 0xA4, 0x41, 0x42,
  0x30, 0x35, 0xA4, 0x41, 0x42, 0x30, 0x45, 0x70,
  0x41, 0x31, 0x30, 0x38, 0x60, 0xA0, 0x17, 0x92,
  0x93, 0x60, 0x0A, 0x00, 0xA0, 0x0C, 0x94, 0x60,
  0x41, 0x42, 0x30, 0x30, 0xA4, 0x41, 0x42, 0x30,
  0x30, 0xA1, 0x03, 0xA4, 0x60, 0x70, 0x41, 0x31,
  0x30, 0x37, 0x60, 0xA0, 0x28, 0x92, 0x93, 0x5C,
  0x2E, 0x5F, 0x53, 0x42, 0x5F, 0x41, 0x50, 0x30,
  0x33, 0x0A, 0x00, 0xA0, 0x18, 0x95, 0x5C, 0x2E,
  0x5F, 0x53, 0x42, 0x5F, 0x41, 0x50, 0x30, 0x33,
  0x60, 0xA4, 0x5C, 0x2E, 0x5F, 0x53, 0x42, 0x5F,
  0x41, 0x50, 0x30, 0x33, 0xA4, 0x60, 0x14, 0x0B,
  0x41, 0x31, 0x30, 0x30, 0x00, 0xA4, 0x41, 0x42,
  0x30, 0x32, 0x14, 0x0B, 0x41, 0x31, 0x30, 0x33,
  0x00, 0xA4, 0x41, 0x42, 0x30, 0x30, 0x14, 0x30,
  0x41, 0x30, 0x39, 0x39, 0x01, 0x70, 0x68, 0x41,
  0x42, 0x30, 0x32, 0x41, 0x31, 0x30, 0x39, 0x68,
  0xA0, 0x09, 0x92, 0x93, 0x41, 0x42, 0x31, 0x30,
  0x0A, 0x00, 0xA1, 0x01, 0x41, 0x31, 0x31, 0x30,
  0x0A, 0x00, 0x08, 0x41, 0x31, 0x31, 0x31, 0x0A,
  0x00, 0x41, 0x31, 0x31, 0x30, 0x0A, 0x01, 0x14,
  0x0C, 0x41, 0x31, 0x30, 0x34, 0x01, 0x70, 0x68,
  0x41, 0x42, 0x31, 0x30, 0x14, 0x22, 0x41, 0x31,
  0x30, 0x35, 0x01, 0x7A, 0x68, 0x0A, 0x08, 0x60,
  0xA0, 0x13, 0x90, 0x92, 0x95, 0x60, 0x41, 0x31,
  0x31, 0x32, 0x92, 0x94, 0x60, 0x41, 0x31, 0x31,
  0x33, 0xA4, 0x0A, 0x01, 0xA4, 0x0A, 0x00, 0x14,
  0x1F, 0x41, 0x31, 0x31, 0x34, 0x01, 0x7D, 0x41,
  0x42, 0x30, 0x44, 0x79, 0x41, 0x42, 0x30, 0x43,
  0x0A, 0x03, 0x00, 0x60, 0xA0, 0x07, 0x93, 0x68,
  0x60, 0xA4, 0x0A, 0x01, 0xA4, 0x0A, 0x00, 0x14,
  0x0D, 0x41, 0x31, 0x30, 0x36, 0x00, 0x70, 0x0A,
  0x00, 0x41, 0x42, 0x31, 0x30, 0x14, 0x25, 0x41,
  0x31, 0x30, 0x39, 0x01, 0xA0, 0x06, 0x92, 0x95,
  0x68, 0x0A, 0x02, 0xA0, 0x06, 0x92, 0x95, 0x68,
  0x0A, 0x03, 0xA0, 0x0E, 0x93, 0x68, 0x0A, 0x01,
  0xA0, 0x08, 0x93, 0x41, 0x42, 0x30, 0x34, 0x0A,
  0x01, 0xA1, 0x01, 0x14, 0x4D, 0x0F, 0x41, 0x31,
  0x31, 0x35, 0x01, 0x70, 0x0A, 0x00, 0x60, 0x70,
  0x41, 0x31, 0x31, 0x36, 0x60, 0x0A, 0x00, 0x61,
  0x70, 0x41, 0x31, 0x31, 0x36, 0x60, 0x0A, 0x08,
  0x62, 0xA0, 0x4F, 0x0D, 0x92, 0x93, 0x61, 0x0C,
  0xFF, 0xFF, 0xFF, 0xFF, 0x7B, 0x7A, 0x61, 0x0A,
  0x10, 0x00, 0x0B, 0xFF, 0xFF, 0x63, 0x7B, 0x61,
  0x0B, 0xFF, 0xFF, 0x61, 0x7B, 0x7A, 0x62, 0x0A,
  0x18, 0x00, 0x0A, 0xFF, 0x62, 0xA0, 0x4B, 0x0B,
  0x93, 0x62, 0x0A, 0x03, 0xA0, 0x44, 0x0B, 0x91,
  0x93, 0x61, 0x0B, 0x02, 0x10, 0x93, 0x61, 0x0B,
  0x22, 0x10, 0x70, 0x0A, 0x10, 0x60, 0xA2, 0x42,
  0x0A, 0x95, 0x60, 0x0A, 0x30, 0x70, 0x41, 0x31,
  0x31, 0x36, 0x0A, 0x00, 0x60, 0x64, 0x70, 0x0A,
  0x00, 0x65, 0xA0, 0x48, 0x07, 0x90, 0x93, 0x7B,
  0x64, 0x0A, 0x09, 0x00, 0x0A, 0x00, 0x92, 0x93,
  0x64, 0x0A, 0x00, 0xA0, 0x17, 0x93, 0x7B, 0x64,
  0x0A, 0x06, 0x00, 0x0A, 0x04, 0x72, 0x60, 0x0A,
  0x04, 0x60, 0x70, 0x41, 0x31, 0x31, 0x36, 0x0A,
  0x00, 0x60, 0x65, 0xA0, 0x34, 0x92, 0x93, 0x68,
  0x0A, 0x00, 0x41, 0x31, 0x31, 0x37, 0x0A, 0x25,
  0x7B, 0x64, 0x0C, 0xF0, 0xFF, 0xFF, 0xFF, 0x00,
  0x0A, 0x00, 0x41, 0x31, 0x31, 0x37, 0x0A, 0x26,
  0x65, 0x0A, 0x00, 0x41, 0x31, 0x31, 0x37, 0x0A,
  0x28, 0x0A, 0x00, 0x0A, 0x00, 0x41, 0x31, 0x31,
  0x37, 0x0A, 0x27, 0x0A, 0x00, 0x0A, 0x00, 0xA5,
  0xA1, 0x1A, 0x41, 0x31, 0x31, 0x37, 0x0A, 0x28,
  0x0A, 0x00, 0x0A, 0x00, 0x41, 0x31, 0x31, 0x37,
  0x0A, 0x07, 0x0A, 0x00, 0x79, 0x0A, 0x01, 0x0A,
  0x0A, 0x00, 0xA5, 0xA1, 0x10, 0xA0, 0x0E, 0x93,
  0x7B, 0x64, 0x0A, 0x06, 0x00, 0x0A, 0x04, 0x72,
  0x60, 0x0A, 0x04, 0x60, 0x72, 0x60, 0x0A, 0x04,
  0x60, 0x14, 0x42, 0x05, 0x41, 0x31, 0x32, 0x39,
  0x02, 0xA0, 0x11, 0x93, 0x41, 0x31, 0x31, 0x36,
  0x68, 0x0A, 0x00, 0x0C, 0xFF, 0xFF, 0xFF, 0xFF,
  0xA4, 0x0A, 0x00, 0x70, 0x41, 0x31, 0x31, 0x36,
  0x68, 0x0A, 0x34, 0x60, 0xA2, 0x2F, 0x0A, 0x01,
  0x70, 0x41, 0x31, 0x31, 0x36, 0x68, 0x7B, 0x60,
  0x0A, 0xFF, 0x00, 0x61, 0xA0, 0x0E, 0x93, 0x7B,
  0x61, 0x0A, 0xFF, 0x00, 0x69, 0xA4, 0x7B, 0x60,
  0x0A, 0xFF, 0x00, 0x7B, 0x7A, 0x61, 0x0A, 0x08,
  0x00, 0x0A, 0xFF, 0x60, 0xA0, 0x07, 0x93, 0x60,
  0x0A, 0x00, 0xA4, 0x60, 0x08, 0x41, 0x45, 0x53,
  0x50, 0x12, 0x12, 0x08, 0x0A, 0x00, 0x0A, 0x00,
  0x0A, 0x00, 0x0A, 0x00, 0x0A, 0x00, 0x0A, 0x00,
  0x0A, 0x00, 0x0A, 0x00, 0x14, 0x47, 0x09, 0x41,
  0x31, 0x31, 0x30, 0x01, 0x70, 0x0A, 0x00, 0x60,
  0xA0, 0x49, 0x08, 0x92, 0x93, 0x41, 0x31, 0x31,
  0x36, 0x60, 0x0A, 0x00, 0x0C, 0xFF, 0xFF, 0xFF,
  0xFF, 0x7B, 0x41, 0x31, 0x31, 0x36, 0x60, 0x0A,
  0x08, 0x0A, 0x80, 0x61, 0xA0, 0x09, 0x93, 0x61,
  0x0A, 0x80, 0x70, 0x0A, 0x07, 0x67, 0xA1, 0x05,
  0x70, 0x0A, 0x00, 0x67, 0xA2, 0x4D, 0x05, 0x92,
  0x94, 0x60, 0x67, 0x70, 0x41, 0x31, 0x32, 0x39,
  0x60, 0x0A, 0x10, 0x61, 0xA0, 0x08, 0x93, 0x61,
  0x0A, 0x00, 0x75, 0x60, 0x9F, 0xA0, 0x2B, 0x93,
  0x68, 0x0A, 0x00, 0x70, 0x41, 0x31, 0x31, 0x36,
  0x60, 0x72, 0x61, 0x0A, 0x10, 0x00, 0x62, 0x41,
  0x31, 0x32, 0x37, 0x60, 0x72, 0x61, 0x0A, 0x10,
  0x00, 0x7B, 0x62, 0x80, 0x0A, 0x03, 0x00, 0x00,
  0x70, 0x62, 0x88, 0x41, 0x45, 0x53, 0x50, 0x60,
  0x00, 0xA1, 0x16, 0x70, 0x83, 0x88, 0x41, 0x45,
  0x53, 0x50, 0x60, 0x00, 0x62, 0x41, 0x31, 0x32,
  0x37, 0x60, 0x72, 0x61, 0x0A, 0x10, 0x00, 0x62,
  0x75, 0x60, 0xA1, 0x01, 0x14, 0x3D, 0x41, 0x31,
  0x32, 0x37, 0x0B, 0x72, 0x41, 0x47, 0x52, 0x42,
  0x79, 0x41, 0x31, 0x31, 0x33, 0x0A, 0x14, 0x00,
  0x60, 0x72, 0x60, 0x79, 0x68, 0x0A, 0x0C, 0x00,
  0x60, 0x72, 0x60, 0x69, 0x60, 0x5B, 0x80, 0x41,
  0x44, 0x52, 0x42, 0x00, 0x60, 0x0A, 0x04, 0x5B,
  0x81, 0x0B, 0x41, 0x44, 0x52, 0x42, 0x03, 0x41,
  0x44, 0x52, 0x52, 0x20, 0x70, 0x6A, 0x41, 0x44,
  0x52, 0x52, 0x14, 0x3C, 0x41, 0x31, 0x31, 0x36,
  0x0A, 0x72, 0x41, 0x47, 0x52, 0x42, 0x79, 0x41,
  0x31, 0x31, 0x33, 0x0A, 0x14, 0x00, 0x60, 0x72,
  0x60, 0x79, 0x68, 0x0A, 0x0C, 0x00, 0x60, 0x72,
  0x60, 0x69, 0x60, 0x5B, 0x80, 0x41, 0x44, 0x52,
  0x42, 0x00, 0x60, 0x0A, 0x04, 0x5B, 0x81, 0x0B,
  0x41, 0x44, 0x52, 0x42, 0x03, 0x41, 0x44, 0x52,
  0x52, 0x20, 0xA4, 0x41, 0x44, 0x52, 0x52, 0x14,
  0x19, 0x41, 0x31, 0x32, 0x35, 0x01, 0xA0, 0x0C,
  0x92, 0x93, 0x41, 0x42, 0x30, 0x42, 0x0A, 0x01,
  0xA4, 0x0A, 0x00, 0xA4, 0x41, 0x31, 0x31, 0x34,
  0x68, 0x14, 0x45, 0x11, 0x41, 0x31, 0x32, 0x36,
  0x01, 0x08, 0x41, 0x31, 0x31, 0x31, 0x0A, 0x00,
  0x70, 0x0A, 0x00, 0x62, 0x70, 0x41, 0x31, 0x31,
  0x39, 0x41, 0x31, 0x31, 0x31, 0x7D, 0x41, 0x42,
  0x30, 0x44, 0x79, 0x41, 0x42, 0x30, 0x43, 0x0A,
  0x03, 0x00, 0x61, 0xA0, 0x10, 0x93, 0x68, 0x0A,
  0x01, 0x70, 0x0A, 0x00, 0x41, 0x31, 0x32, 0x30,
  0x70, 0x0A, 0x01, 0x60, 0xA1, 0x4D, 0x05, 0x41,
  0x31, 0x31, 0x30, 0x0A, 0x00, 0x70, 0x41, 0x31,
  0x31, 0x36, 0x0A, 0x00, 0x0A, 0x04, 0x60, 0xA0,
  0x3B, 0x92, 0x93, 0x60, 0x0C, 0xFF, 0xFF, 0xFF,
  0xFF, 0x41, 0x31, 0x32, 0x37, 0x0A, 0x00, 0x0A,
  0x04, 0x7B, 0x60, 0x80, 0x0A, 0x04, 0x00, 0x00,
  0x70, 0x41, 0x31, 0x31, 0x36, 0x0A, 0x01, 0x0A,
  0x04, 0x60, 0xA0, 0x18, 0x92, 0x93, 0x60, 0x0C,
  0xFF, 0xFF, 0xFF, 0xFF, 0x41, 0x31, 0x32, 0x37,
  0x0A, 0x01, 0x0A, 0x04, 0x7B, 0x60, 0x80, 0x0A,
  0x04, 0x00, 0x00, 0x70, 0x0A, 0x00, 0x62, 0x70,
  0x0A, 0x01, 0x41, 0x31, 0x32, 0x30, 0x70, 0x0A,
  0x05, 0x60, 0x70, 0x0A, 0x00, 0x41, 0x31, 0x31,
  0x39, 0xA2, 0x4A, 0x05, 0x92, 0x93, 0x60, 0x0A,
  0x08, 0xA0, 0x1A, 0x93, 0x60, 0x0A, 0x01, 0x41,
  0x31, 0x32, 0x38, 0x0A, 0x29, 0x61, 0x0A, 0x00,
  0x0A, 0x00, 0x0A, 0x00, 0x70, 0x0A, 0x01, 0x62,
  0x70, 0x0A, 0x08, 0x60, 0xA0, 0x37, 0x93, 0x60,
  0x0A, 0x05, 0x41, 0x31, 0x31, 0x36, 0x0A, 0x00,
  0x0A, 0x00, 0x41, 0x31, 0x32, 0x38, 0x0A, 0x2A,
  0x61, 0x0A, 0x00, 0x0A, 0x00, 0x0A, 0x00, 0x70,
  0x0A, 0x00, 0x41, 0x42, 0x30, 0x35, 0x70, 0x0A,
  0x00, 0x41, 0x42, 0x30, 0x34, 0x70, 0x0A, 0x00,
  0x41, 0x42, 0x31, 0x30, 0x70, 0x0A, 0x00, 0x62,
  0x70, 0x0A, 0x08, 0x60, 0x70, 0x41, 0x31, 0x31,
  0x31, 0x41, 0x31, 0x31, 0x39, 0xA0, 0x0F, 0x92,
  0x93, 0x41, 0x31, 0x31, 0x31, 0x0A, 0x00, 0x41,
  0x31, 0x31, 0x30, 0x0A, 0x01, 0xA4, 0x62, 0x5B,
  0x82, 0x45, 0x80, 0x41, 0x42, 0x52, 0x35, 0x08,
  0x5F, 0x48, 0x49, 0x44, 0x0C, 0x41, 0xD0, 0x0C,
  0x02, 0x08, 0x5F, 0x55, 0x49, 0x44, 0x0A, 0x85,
  0x08, 0x41, 0x42, 0x31, 0x32, 0x0A, 0x84, 0x08,
  0x41, 0x42, 0x30, 0x30, 0x0A, 0x00, 0x08, 0x41,
  0x42, 0x30, 0x31, 0x0A, 0x00, 0x08, 0x41, 0x42,
  0x30, 0x45, 0x0A, 0x00, 0x08, 0x41, 0x42, 0x30,
  0x32, 0x0A, 0x00, 0x08, 0x41, 0x42, 0x30, 0x33,
  0x0A, 0x00, 0x08, 0x41, 0x42, 0x30, 0x34, 0x0A,
  0x00, 0x08, 0x41, 0x42, 0x30, 0x35, 0x0A, 0x00,
  0x08, 0x41, 0x42, 0x30, 0x36, 0x0A, 0x00, 0x08,
  0x41, 0x42, 0x30, 0x37, 0x0A, 0x00, 0x08, 0x41,
  0x42, 0x30, 0x38, 0x0A, 0x00, 0x08, 0x41, 0x42,
  0x30, 0x39, 0x0A, 0x00, 0x08, 0x41, 0x42, 0x30,
  0x41, 0x0A, 0x00, 0x08, 0x41, 0x42, 0x30, 0x42,
  0x0A, 0x00, 0x08, 0x41, 0x42, 0x30, 0x43, 0x0A,
  0x00, 0x08, 0x41, 0x42, 0x30, 0x44, 0x0A, 0x00,
  0x5B, 0x80, 0x41, 0x31, 0x31, 0x38, 0x00, 0x72,
  0x41, 0x47, 0x52, 0x42, 0x7D, 0x79, 0x83, 0x88,
  0x5C, 0x2E, 0x5F, 0x53, 0x42, 0x5F, 0x41, 0x44,
  0x41, 0x54, 0x72, 0x41, 0x42, 0x31, 0x32, 0x0A,
  0x0D, 0x00, 0x00, 0x0A, 0x0F, 0x00, 0x79, 0x83,
  0x88, 0x5C, 0x2E, 0x5F, 0x53, 0x42, 0x5F, 0x41,
  0x44, 0x41, 0x54, 0x72, 0x41, 0x42, 0x31, 0x32,
  0x0A, 0x0E, 0x00, 0x00, 0x0A, 0x0C, 0x00, 0x00,
  0x00, 0x0B, 0x00, 0x10, 0x5B, 0x81, 0x42, 0x04,
  0x41, 0x31, 0x31, 0x38, 0x01, 0x00, 0x40, 0x0C,
  0x00, 0x08, 0x41, 0x31, 0x31, 0x32, 0x08, 0x41,
  0x31, 0x31, 0x33, 0x08, 0x00, 0x48, 0x26, 0x41,
  0x31, 0x31, 0x39, 0x02, 0x00, 0x02, 0x41, 0x31,
  0x32, 0x30, 0x01, 0x41, 0x31, 0x32, 0x31, 0x01,
  0x00, 0x0A, 0x00, 0x0B, 0x41, 0x31, 0x32, 0x32,
  0x01, 0x00, 0x44, 0x0E, 0x41, 0x31, 0x32, 0x33,
  0x04, 0x00, 0x01, 0x41, 0x31, 0x32, 0x34, 0x01,
  0x08, 0x41, 0x42, 0x31, 0x30, 0x0A, 0x00, 0x14,
  0x4D, 0x18, 0x5F, 0x49, 0x4E, 0x49, 0x00, 0x70,
  0x83, 0x88, 0x5C, 0x2E, 0x5F, 0x53, 0x42, 0x5F,
  0x41, 0x44, 0x41, 0x54, 0x72, 0x41, 0x42, 0x31,
  0x32, 0x0A, 0x00, 0x00, 0x00, 0x41, 0x42, 0x30,
  0x30, 0x70, 0x83, 0x88, 0x5C, 0x2E, 0x5F, 0x53,
  0x42, 0x5F, 0x41, 0x44, 0x41, 0x54, 0x72, 0x41,
  0x42, 0x31, 0x32, 0x0A, 0x01, 0x00, 0x00, 0x41,
  0x42, 0x30, 0x45, 0x70, 0x83, 0x88, 0x5C, 0x2E,
  0x5F, 0x53, 0x42, 0x5F, 0x41, 0x44, 0x41, 0x54,
  0x72, 0x41, 0x42, 0x31, 0x32, 0x0A, 0x02, 0x00,
  0x00, 0x41, 0x42, 0x30, 0x31, 0x70, 0x83, 0x88,
  0x5C, 0x2E, 0x5F, 0x53, 0x42, 0x5F, 0x41, 0x44,
  0x41, 0x54, 0x72, 0x41, 0x42, 0x31, 0x32, 0x0A,
  0x03, 0x00, 0x00, 0x41, 0x42, 0x30, 0x32, 0x70,
  0x83, 0x88, 0x5C, 0x2E, 0x5F, 0x53, 0x42, 0x5F,
  0x41, 0x44, 0x41, 0x54, 0x72, 0x41, 0x42, 0x31,
  0x32, 0x0A, 0x04, 0x00, 0x00, 0x41, 0x42, 0x30,
  0x33, 0x70, 0x83, 0x88, 0x5C, 0x2E, 0x5F, 0x53,
  0x42, 0x5F, 0x41, 0x44, 0x41, 0x54, 0x72, 0x41,
  0x42, 0x31, 0x32, 0x0A, 0x05, 0x00, 0x00, 0x41,
  0x42, 0x30, 0x34, 0x70, 0x83, 0x88, 0x5C, 0x2E,
  0x5F, 0x53, 0x42, 0x5F, 0x41, 0x44, 0x41, 0x54,
  0x72, 0x41, 0x42, 0x31, 0x32, 0x0A, 0x06, 0x00,
  0x00, 0x41, 0x42, 0x30, 0x35, 0x70, 0x83, 0x88,
  0x5C, 0x2E, 0x5F, 0x53, 0x42, 0x5F, 0x41, 0x44,
  0x41, 0x54, 0x72, 0x41, 0x42, 0x31, 0x32, 0x0A,
  0x07, 0x00, 0x00, 0x41, 0x42, 0x30, 0x36, 0x70,
  0x83, 0x88, 0x5C, 0x2E, 0x5F, 0x53, 0x42, 0x5F,
  0x41, 0x44, 0x41, 0x54, 0x72, 0x41, 0x42, 0x31,
  0x32, 0x0A, 0x08, 0x00, 0x00, 0x41, 0x42, 0x30,
  0x37, 0x70, 0x83, 0x88, 0x5C, 0x2E, 0x5F, 0x53,
  0x42, 0x5F, 0x41, 0x44, 0x41, 0x54, 0x72, 0x41,
  0x42, 0x31, 0x32, 0x0A, 0x09, 0x00, 0x00, 0x41,
  0x42, 0x30, 0x38, 0x70, 0x83, 0x88, 0x5C, 0x2E,
  0x5F, 0x53, 0x42, 0x5F, 0x41, 0x44, 0x41, 0x54,
  0x72, 0x41, 0x42, 0x31, 0x32, 0x0A, 0x0A, 0x00,
  0x00, 0x41, 0x42, 0x30, 0x39, 0x70, 0x83, 0x88,
  0x5C, 0x2E, 0x5F, 0x53, 0x42, 0x5F, 0x41, 0x44,
  0x41, 0x54, 0x72, 0x41, 0x42, 0x31, 0x32, 0x0A,
  0x0B, 0x00, 0x00, 0x41, 0x42, 0x30, 0x41, 0x70,
  0x83, 0x88, 0x5C, 0x2E, 0x5F, 0x53, 0x42, 0x5F,
  0x41, 0x44, 0x41, 0x54, 0x72, 0x41, 0x42, 0x31,
  0x32, 0x0A, 0x0C, 0x00, 0x00, 0x41, 0x42, 0x30,
  0x42, 0x70, 0x83, 0x88, 0x5C, 0x2E, 0x5F, 0x53,
  0x42, 0x5F, 0x41, 0x44, 0x41, 0x54, 0x72, 0x41,
  0x42, 0x31, 0x32, 0x0A, 0x0D, 0x00, 0x00, 0x41,
  0x42, 0x30, 0x43, 0x70, 0x83, 0x88, 0x5C, 0x2E,
  0x5F, 0x53, 0x42, 0x5F, 0x41, 0x44, 0x41, 0x54,
  0x72, 0x41, 0x42, 0x31, 0x32, 0x0A, 0x0E, 0x00,
  0x00, 0x41, 0x42, 0x30, 0x44, 0x14, 0x22, 0x41,
  0x31, 0x30, 0x37, 0x00, 0x70, 0x41, 0x30, 0x38,
  0x39, 0x60, 0xA0, 0x0A, 0x93, 0x60, 0x0A, 0x01,
  0xA4, 0x41, 0x42, 0x30, 0x31, 0xA0, 0x0A, 0x93,
  0x60, 0x0A, 0x00, 0xA4, 0x41, 0x42, 0x30, 0x45,
  0x14, 0x1F, 0x41, 0x31, 0x30, 0x32, 0x00, 0xA0,
  0x15, 0x92, 0x93, 0x41, 0x42, 0x31, 0x30, 0x0A,
  0x00, 0xA0, 0x0B, 0x93, 0x41, 0x42, 0x31, 0x30,
  0x0A, 0x01, 0xA4, 0x0A, 0x01, 0xA4, 0x0A, 0x00,
  0x14, 0x2A, 0x41, 0x31, 0x30, 0x38, 0x00, 0xA0,
  0x0E, 0x92, 0x93, 0x41, 0x42, 0x30, 0x35, 0x0A,
  0x00, 0xA4, 0x41, 0x42, 0x30, 0x35, 0xA0, 0x11,
  0x94, 0x41, 0x42, 0x31, 0x30, 0x0A, 0x01, 0xA4,
  0x74, 0x41, 0x42, 0x31, 0x30, 0x0A, 0x01, 0x00,
  0xA4, 0x0A, 0x00, 0x14, 0x49, 0x07, 0x41, 0x31,
  0x30, 0x31, 0x00, 0xA0, 0x22, 0x93, 0x5C, 0x2E,
  0x5F, 0x53, 0x42, 0x5F, 0x41, 0x50, 0x30, 0x35,
  0x0A, 0x00, 0xA0, 0x0E, 0x92, 0x93, 0x41, 0x42,
  0x30, 0x35, 0x0A, 0x00, 0xA4, 0x41, 0x42, 0x30,
  0x35, 0xA4, 0x41, 0x42, 0x30, 0x45, 0x70, 0x41,
  0x31, 0x30, 0x38, 0x60, 0xA0, 0x17, 0x92, 0x93,
  0x60, 0x0A, 0x00, 0xA0, 0x0C, 0x94, 0x60, 0x41,
  0x42, 0x30, 0x30, 0xA4, 0x41, 0x42, 0x30, 0x30,
  0xA1, 0x03, 0xA4, 0x60, 0x70, 0x41, 0x31, 0x30,
  0x37, 0x60, 0xA0, 0x28, 0x92, 0x93, 0x5C, 0x2E,
  0x5F, 0x53, 0x42, 0x5F, 0x41, 0x50, 0x30, 0x33,
  0x0A, 0x00, 0xA0, 0x18, 0x95, 0x5C, 0x2E, 0x5F,
  0x53, 0x42, 0x5F, 0x41, 0x50, 0x30, 0x33, 0x60,
  0xA4, 0x5C, 0x2E, 0x5F, 0x53, 0x42, 0x5F, 0x41,
  0x50, 0x30, 0x33, 0xA4, 0x60, 0x14, 0x0B, 0x41,
  0x31, 0x30, 0x30, 0x00, 0xA4, 0x41, 0x42, 0x30,
  0x32, 0x14, 0x0B, 0x41, 0x31, 0x30, 0x33, 0x00,
  0xA4, 0x41, 0x42, 0x30, 0x30, 0x14, 0x30, 0x41,
  0x30, 0x39, 0x39, 0x01, 0x70, 0x68, 0x41, 0x42,
  0x30, 0x32, 0x41, 0x31, 0x30, 0x39, 0x68, 0xA0,
  0x09, 0x92, 0x93, 0x41, 0x42, 0x31, 0x30, 0x0A,
  0x00, 0xA1, 0x01, 0x41, 0x31, 0x31, 0x30, 0x0A,
  0x00, 0x08, 0x41, 0x31, 0x31, 0x31, 0x0A, 0x00,
  0x41, 0x31, 0x31, 0x30, 0x0A, 0x01, 0x14, 0x0C,
  0x41, 0x31, 0x30, 0x34, 0x01, 0x70, 0x68, 0x41,
  0x42, 0x31, 0x30, 0x14, 0x22, 0x41, 0x31, 0x30,
  0x35, 0x01, 0x7A, 0x68, 0x0A, 0x08, 0x60, 0xA0,
  0x13, 0x90, 0x92, 0x95, 0x60, 0x41, 0x31, 0x31,
  0x32, 0x92, 0x94, 0x60, 0x41, 0x31, 0x31, 0x33,
  0xA4, 0x0A, 0x01, 0xA4, 0x0A, 0x00, 0x14, 0x1F,
  0x41, 0x31, 0x31, 0x34, 0x01, 0x7D, 0x41, 0x42,
  0x30, 0x44, 0x79, 0x41, 0x42, 0x30, 0x43, 0x0A,
  0x03, 0x00, 0x60, 0xA0, 0x07, 0x93, 0x68, 0x60,
  0xA4, 0x0A, 0x01, 0xA4, 0x0A, 0x00, 0x14, 0x0D,
  0x41, 0x31, 0x30, 0x36, 0x00, 0x70, 0x0A, 0x00,
  0x41, 0x42, 0x31, 0x30, 0x14, 0x25, 0x41, 0x31,
  0x30, 0x39, 0x01, 0xA0, 0x06, 0x92, 0x95, 0x68,
  0x0A, 0x02, 0xA0, 0x06, 0x92, 0x95, 0x68, 0x0A,
  0x03, 0xA0, 0x0E, 0x93, 0x68, 0x0A, 0x01, 0xA0,
  0x08, 0x93, 0x41, 0x42, 0x30, 0x34, 0x0A, 0x01,
  0xA1, 0x01, 0x14, 0x4D, 0x0F, 0x41, 0x31, 0x31,
  0x35, 0x01, 0x70, 0x0A, 0x00, 0x60, 0x70, 0x41,
  0x31, 0x31, 0x36, 0x60, 0x0A, 0x00, 0x61, 0x70,
  0x41, 0x31, 0x31, 0x36, 0x60, 0x0A, 0x08, 0x62,
  0xA0, 0x4F, 0x0D, 0x92, 0x93, 0x61, 0x0C, 0xFF,
  0xFF, 0xFF, 0xFF, 0x7B, 0x7A, 0x61, 0x0A, 0x10,
  0x00, 0x0B, 0xFF, 0xFF, 0x63, 0x7B, 0x61, 0x0B,
  0xFF, 0xFF, 0x61, 0x7B, 0x7A, 0x62, 0x0A, 0x18,
  0x00, 0x0A, 0xFF, 0x62, 0xA0, 0x4B, 0x0B, 0x93,
  0x62, 0x0A, 0x03, 0xA0, 0x44, 0x0B, 0x91, 0x93,
  0x61, 0x0B, 0x02, 0x10, 0x93, 0x61, 0x0B, 0x22,
  0x10, 0x70, 0x0A, 0x10, 0x60, 0xA2, 0x42, 0x0A,
  0x95, 0x60, 0x0A, 0x30, 0x70, 0x41, 0x31, 0x31,
  0x36, 0x0A, 0x00, 0x60, 0x64, 0x70, 0x0A, 0x00,
  0x65, 0xA0, 0x48, 0x07, 0x90, 0x93, 0x7B, 0x64,
  0x0A, 0x09, 0x00, 0x0A, 0x00, 0x92, 0x93, 0x64,
  0x0A, 0x00, 0xA0, 0x17, 0x93, 0x7B, 0x64, 0x0A,
  0x06, 0x00, 0x0A, 0x04, 0x72, 0x60, 0x0A, 0x04,
  0x60, 0x70, 0x41, 0x31, 0x31, 0x36, 0x0A, 0x00,
  0x60, 0x65, 0xA0, 0x34, 0x92, 0x93, 0x68, 0x0A,
  0x00, 0x41, 0x31, 0x31, 0x37, 0x0A, 0x25, 0x7B,
  0x64, 0x0C, 0xF0, 0xFF, 0xFF, 0xFF, 0x00, 0x0A,
  0x00, 0x41, 0x31, 0x31, 0x37, 0x0A, 0x26, 0x65,
  0x0A, 0x00, 0x41, 0x31, 0x31, 0x37, 0x0A, 0x28,
  0x0A, 0x00, 0x0A, 0x00, 0x41, 0x31, 0x31, 0x37,
  0x0A, 0x27, 0x0A, 0x00, 0x0A, 0x00, 0xA5, 0xA1,
  0x1A, 0x41, 0x31, 0x31, 0x37, 0x0A, 0x28, 0x0A,
  0x00, 0x0A, 0x00, 0x41, 0x31, 0x31, 0x37, 0x0A,
  0x07, 0x0A, 0x00, 0x79, 0x0A, 0x01, 0x0A, 0x0A,
  0x00, 0xA5, 0xA1, 0x10, 0xA0, 0x0E, 0x93, 0x7B,
  0x64, 0x0A, 0x06, 0x00, 0x0A, 0x04, 0x72, 0x60,
  0x0A, 0x04, 0x60, 0x72, 0x60, 0x0A, 0x04, 0x60,
  0x14, 0x42, 0x05, 0x41, 0x31, 0x32, 0x39, 0x02,
  0xA0, 0x11, 0x93, 0x41, 0x31, 0x31, 0x36, 0x68,
  0x0A, 0x00, 0x0C, 0xFF, 0xFF, 0xFF, 0xFF, 0xA4,
  0x0A, 0x00, 0x70, 0x41, 0x31, 0x31, 0x36, 0x68,
  0x0A, 0x34, 0x60, 0xA2, 0x2F, 0x0A, 0x01, 0x70,
  0x41, 0x31, 0x31, 0x36, 0x68, 0x7B, 0x60, 0x0A,
  0xFF, 0x00, 0x61, 0xA0, 0x0E, 0x93, 0x7B, 0x61,
  0x0A, 0xFF, 0x00, 0x69, 0xA4, 0x7B, 0x60, 0x0A,
  0xFF, 0x00, 0x7B, 0x7A, 0x61, 0x0A, 0x08, 0x00,
  0x0A, 0xFF, 0x60, 0xA0, 0x07, 0x93, 0x60, 0x0A,
  0x00, 0xA4, 0x60, 0x08, 0x41, 0x45, 0x53, 0x50,
  0x12, 0x12, 0x08, 0x0A, 0x00, 0x0A, 0x00, 0x0A,
  0x00, 0x0A, 0x00, 0x0A, 0x00, 0x0A, 0x00, 0x0A,
  0x00, 0x0A, 0x00, 0x14, 0x47, 0x09, 0x41, 0x31,
  0x31, 0x30, 0x01, 0x70, 0x0A, 0x00, 0x60, 0xA0,
  0x49, 0x08, 0x92, 0x93, 0x41, 0x31, 0x31, 0x36,
  0x60, 0x0A, 0x00, 0x0C, 0xFF, 0xFF, 0xFF, 0xFF,
  0x7B, 0x41, 0x31, 0x31, 0x36, 0x60, 0x0A, 0x08,
  0x0A, 0x80, 0x61, 0xA0, 0x09, 0x93, 0x61, 0x0A,
  0x80, 0x70, 0x0A, 0x07, 0x67, 0xA1, 0x05, 0x70,
  0x0A, 0x00, 0x67, 0xA2, 0x4D, 0x05, 0x92, 0x94,
  0x60, 0x67, 0x70, 0x41, 0x31, 0x32, 0x39, 0x60,
  0x0A, 0x10, 0x61, 0xA0, 0x08, 0x93, 0x61, 0x0A,
  0x00, 0x75, 0x60, 0x9F, 0xA0, 0x2B, 0x93, 0x68,
  0x0A, 0x00, 0x70, 0x41, 0x31, 0x31, 0x36, 0x60,
  0x72, 0x61, 0x0A, 0x10, 0x00, 0x62, 0x41, 0x31,
  0x32, 0x37, 0x60, 0x72, 0x61, 0x0A, 0x10, 0x00,
  0x7B, 0x62, 0x80, 0x0A, 0x03, 0x00, 0x00, 0x70,
  0x62, 0x88, 0x41, 0x45, 0x53, 0x50, 0x60, 0x00,
  0xA1, 0x16, 0x70, 0x83, 0x88, 0x41, 0x45, 0x53,
  0x50, 0x60, 0x00, 0x62, 0x41, 0x31, 0x32, 0x37,
  0x60, 0x72, 0x61, 0x0A, 0x10, 0x00, 0x62, 0x75,
  0x60, 0xA1, 0x01, 0x14, 0x3D, 0x41, 0x31, 0x32,
  0x37, 0x0B, 0x72, 0x41, 0x47, 0x52, 0x42, 0x79,
  0x41, 0x31, 0x31, 0x33, 0x0A, 0x14, 0x00, 0x60,
  0x72, 0x60, 0x79, 0x68, 0x0A, 0x0C, 0x00, 0x60,
  0x72, 0x60, 0x69, 0x60, 0x5B, 0x80, 0x41, 0x44,
  0x52, 0x42, 0x00, 0x60, 0x0A, 0x04, 0x5B, 0x81,
  0x0B, 0x41, 0x44, 0x52, 0x42, 0x03, 0x41, 0x44,
  0x52, 0x52, 0x20, 0x70, 0x6A, 0x41, 0x44, 0x52,
  0x52, 0x14, 0x3C, 0x41, 0x31, 0x31, 0x36, 0x0A,
  0x72, 0x41, 0x47, 0x52, 0x42, 0x79, 0x41, 0x31,
  0x31, 0x33, 0x0A, 0x14, 0x00, 0x60, 0x72, 0x60,
  0x79, 0x68, 0x0A, 0x0C, 0x00, 0x60, 0x72, 0x60,
  0x69, 0x60, 0x5B, 0x80, 0x41, 0x44, 0x52, 0x42,
  0x00, 0x60, 0x0A, 0x04, 0x5B, 0x81, 0x0B, 0x41,
  0x44, 0x52, 0x42, 0x03, 0x41, 0x44, 0x52, 0x52,
  0x20, 0xA4, 0x41, 0x44, 0x52, 0x52, 0x14, 0x19,
  0x41, 0x31, 0x32, 0x35, 0x01, 0xA0, 0x0C, 0x92,
  0x93, 0x41, 0x42, 0x30, 0x42, 0x0A, 0x01, 0xA4,
  0x0A, 0x00, 0xA4, 0x41, 0x31, 0x31, 0x34, 0x68,
  0x14, 0x45, 0x11, 0x41, 0x31, 0x32, 0x36, 0x01,
  0x08, 0x41, 0x31, 0x31, 0x31, 0x0A, 0x00, 0x70,
  0x0A, 0x00, 0x62, 0x70, 0x41, 0x31, 0x31, 0x39,
  0x41, 0x31, 0x31, 0x31, 0x7D, 0x41, 0x42, 0x30,
  0x44, 0x79, 0x41, 0x42, 0x30, 0x43, 0x0A, 0x03,
  0x00, 0x61, 0xA0, 0x10, 0x93, 0x68, 0x0A, 0x01,
  0x70, 0x0A, 0x00, 0x41, 0x31, 0x32, 0x30, 0x70,
  0x0A, 0x01, 0x60, 0xA1, 0x4D, 0x05, 0x41, 0x31,
  0x31, 0x30, 0x0A, 0x00, 0x70, 0x41, 0x31, 0x31,
  0x36, 0x0A, 0x00, 0x0A, 0x04, 0x60, 0xA0, 0x3B,
  0x92, 0x93, 0x60, 0x0C, 0xFF, 0xFF, 0xFF, 0xFF,
  0x41, 0x31, 0x32, 0x37, 0x0A, 0x00, 0x0A, 0x04,
  0x7B, 0x60, 0x80, 0x0A, 0x04, 0x00, 0x00, 0x70,
  0x41, 0x31, 0x31, 0x36, 0x0A, 0x01, 0x0A, 0x04,
  0x60, 0xA0, 0x18, 0x92, 0x93, 0x60, 0x0C, 0xFF,
  0xFF, 0xFF, 0xFF, 0x41, 0x31, 0x32, 0x37, 0x0A,
  0x01, 0x0A, 0x04, 0x7B, 0x60, 0x80, 0x0A, 0x04,
  0x00, 0x00, 0x70, 0x0A, 0x00, 0x62, 0x70, 0x0A,
  0x01, 0x41, 0x31, 0x32, 0x30, 0x70, 0x0A, 0x05,
  0x60, 0x70, 0x0A, 0x00, 0x41, 0x31, 0x31, 0x39,
  0xA2, 0x4A, 0x05, 0x92, 0x93, 0x60, 0x0A, 0x08,
  0xA0, 0x1A, 0x93, 0x60, 0x0A, 0x01, 0x41, 0x31,
  0x32, 0x38, 0x0A, 0x29, 0x61, 0x0A, 0x00, 0x0A,
  0x00, 0x0A, 0x00, 0x70, 0x0A, 0x01, 0x62, 0x70,
  0x0A, 0x08, 0x60, 0xA0, 0x37, 0x93, 0x60, 0x0A,
  0x05, 0x41, 0x31, 0x31, 0x36, 0x0A, 0x00, 0x0A,
  0x00, 0x41, 0x31, 0x32, 0x38, 0x0A, 0x2A, 0x61,
  0x0A, 0x00, 0x0A, 0x00, 0x0A, 0x00, 0x70, 0x0A,
  0x00, 0x41, 0x42, 0x30, 0x35, 0x70, 0x0A, 0x00,
  0x41, 0x42, 0x30, 0x34, 0x70, 0x0A, 0x00, 0x41,
  0x42, 0x31, 0x30, 0x70, 0x0A, 0x00, 0x62, 0x70,
  0x0A, 0x08, 0x60, 0x70, 0x41, 0x31, 0x31, 0x31,
  0x41, 0x31, 0x31, 0x39, 0xA0, 0x0F, 0x92, 0x93,
  0x41, 0x31, 0x31, 0x31, 0x0A, 0x00, 0x41, 0x31,
  0x31, 0x30, 0x0A, 0x01, 0xA4, 0x62, 0x5B, 0x82,
  0x45, 0x80, 0x41, 0x42, 0x52, 0x36, 0x08, 0x5F,
  0x48, 0x49, 0x44, 0x0C, 0x41, 0xD0, 0x0C, 0x02,
  0x08, 0x5F, 0x55, 0x49, 0x44, 0x0A, 0x86, 0x08,
  0x41, 0x42, 0x31, 0x32, 0x0A, 0x98, 0x08, 0x41,
  0x42, 0x30, 0x30, 0x0A, 0x00, 0x08, 0x41, 0x42,
  0x30, 0x31, 0x0A, 0x00, 0x08, 0x41, 0x42, 0x30,
  0x45, 0x0A, 0x00, 0x08, 0x41, 0x42, 0x30, 0x32,
  0x0A, 0x00, 0x08, 0x41, 0x42, 0x30, 0x33, 0x0A,
  0x00, 0x08, 0x41, 0x42, 0x30, 0x34, 0x0A, 0x00,
  0x08, 0x41, 0x42, 0x30, 0x35, 0x0A, 0x00, 0x08,
  0x41, 0x42, 0x30, 0x36, 0x0A, 0x00, 0x08, 0x41,
  0x42, 0x30, 0x37, 0x0A, 0x00, 0x08, 0x41, 0x42,
  0x30, 0x38, 0x0A, 0x00, 0x08, 0x41, 0x42, 0x30,
  0x39, 0x0A, 0x00, 0x08, 0x41, 0x42, 0x30, 0x41,
  0x0A, 0x00, 0x08, 0x41, 0x42, 0x30, 0x42, 0x0A,
  0x00, 0x08, 0x41, 0x42, 0x30, 0x43, 0x0A, 0x00,
  0x08, 0x41, 0x42, 0x30, 0x44, 0x0A, 0x00, 0x5B,
  0x80, 0x41, 0x31, 0x31, 0x38, 0x00, 0x72, 0x41,
  0x47, 0x52, 0x42, 0x7D, 0x79, 0x83, 0x88, 0x5C,
  0x2E, 0x5F, 0x53, 0x42, 0x5F, 0x41, 0x44, 0x41,
  0x54, 0x72, 0x41, 0x42, 0x31, 0x32, 0x0A, 0x0D,
  0x00, 0x00, 0x0A, 0x0F, 0x00, 0x79, 0x83, 0x88,
  0x5C, 0x2E, 0x5F, 0x53, 0x42, 0x5F, 0x41, 0x44,
  0x41, 0x54, 0x72, 0x41, 0x42, 0x31, 0x32, 0x0A,
  0x0E, 0x00, 0x00, 0x0A, 0x0C, 0x00, 0x00, 0x00,
  0x0B, 0x00, 0x10, 0x5B, 0x81, 0x42, 0x04, 0x41,
  0x31, 0x31, 0x38, 0x01, 0x00, 0x40, 0x0C, 0x00,
  0x08, 0x41, 0x31, 0x31, 0x32, 0x08, 0x41, 0x31,
  0x31, 0x33, 0x08, 0x00, 0x48, 0x26, 0x41, 0x31,
  0x31, 0x39, 0x02, 0x00, 0x02, 0x41, 0x31, 0x32,
  0x30, 0x01, 0x41, 0x31, 0x32, 0x31, 0x01, 0x00,
  0x0A, 0x00, 0x0B, 0x41, 0x31, 0x32, 0x32, 0x01,
  0x00, 0x44, 0x0E, 0x41, 0x31, 0x32, 0x33, 0x04,
  0x00, 0x01, 0x41, 0x31, 0x32, 0x34, 0x01, 0x08,
  0x41, 0x42, 0x31, 0x30, 0x0A, 0x00, 0x14, 0x4D,
  0x18, 0x5F, 0x49, 0x4E, 0x49, 0x00, 0x70, 0x83,
  0x88, 0x5C, 0x2E, 0x5F, 0x53, 0x42, 0x5F, 0x41,
  0x44, 0x41, 0x54, 0x72, 0x41, 0x42, 0x31, 0x32,
  0x0A, 0x00, 0x00, 0x00, 0x41, 0x42, 0x30, 0x30,
  0x70, 0x83, 0x88, 0x5C, 0x2E, 0x5F, 0x53, 0x42,
  0x5F, 0x41, 0x44, 0x41, 0x54, 0x72, 0x41, 0x42,
  0x31, 0x32, 0x0A, 0x01, 0x00, 0x00, 0x41, 0x42,
  0x30, 0x45, 0x70, 0x83, 0x88, 0x5C, 0x2E, 0x5F,
  0x53, 0x42, 0x5F, 0x41, 0x44, 0x41, 0x54, 0x72,
  0x41, 0x42, 0x31, 0x32, 0x0A, 0x02, 0x00, 0x00,
  0x41, 0x42, 0x30, 0x31, 0x70, 0x83, 0x88, 0x5C,
  0x2E, 0x5F, 0x53, 0x42, 0x5F, 0x41, 0x44, 0x41,
  0x54, 0x72, 0x41, 0x42, 0x31, 0x32, 0x0A, 0x03,
  0x00, 0x00, 0x41, 0x42, 0x30, 0x32, 0x70, 0x83,
  0x88, 0x5C, 0x2E, 0x5F, 0x53, 0x42, 0x5F, 0x41,
  0x44, 0x41, 0x54, 0x72, 0x41, 0x42, 0x31, 0x32,
  0x0A, 0x04, 0x00, 0x00, 0x41, 0x42, 0x30, 0x33,
  0x70, 0x83, 0x88, 0x5C, 0x2E, 0x5F, 0x53, 0x42,
  0x5F, 0x41, 0x44, 0x41, 0x54, 0x72, 0x41, 0x42,
  0x31, 0x32, 0x0A, 0x05, 0x00, 0x00, 0x41, 0x42,
  0x30, 0x34, 0x70, 0x83, 0x88, 0x5C, 0x2E, 0x5F,
  0x53, 0x42, 0x5F, 0x41, 0x44, 0x41, 0x54, 0x72,
  0x41, 0x42, 0x31, 0x32, 0x0A, 0x06, 0x00, 0x00,
  0x41, 0x42, 0x30, 0x35, 0x70, 0x83, 0x88, 0x5C,
  0x2E, 0x5F, 0x53, 0x42, 0x5F, 0x41, 0x44, 0x41,
  0x54, 0x72, 0x41, 0x42, 0x31, 0x32, 0x0A, 0x07,
  0x00, 0x00, 0x41, 0x42, 0x30, 0x36, 0x70, 0x83,
  0x88, 0x5C, 0x2E, 0x5F, 0x53, 0x42, 0x5F, 0x41,
  0x44, 0x41, 0x54, 0x72, 0x41, 0x42, 0x31, 0x32,
  0x0A, 0x08, 0x00, 0x00, 0x41, 0x42, 0x30, 0x37,
  0x70, 0x83, 0x88, 0x5C, 0x2E, 0x5F, 0x53, 0x42,
  0x5F, 0x41, 0x44, 0x41, 0x54, 0x72, 0x41, 0x42,
  0x31, 0x32, 0x0A, 0x09, 0x00, 0x00, 0x41, 0x42,
  0x30, 0x38, 0x70, 0x83, 0x88, 0x5C, 0x2E, 0x5F,
  0x53, 0x42, 0x5F, 0x41, 0x44, 0x41, 0x54, 0x72,
  0x41, 0x42, 0x31, 0x32, 0x0A, 0x0A, 0x00, 0x00,
  0x41, 0x42, 0x30, 0x39, 0x70, 0x83, 0x88, 0x5C,
  0x2E, 0x5F, 0x53, 0x42, 0x5F, 0x41, 0x44, 0x41,
  0x54, 0x72, 0x41, 0x42, 0x31, 0x32, 0x0A, 0x0B,
  0x00, 0x00, 0x41, 0x42, 0x30, 0x41, 0x70, 0x83,
  0x88, 0x5C, 0x2E, 0x5F, 0x53, 0x42, 0x5F, 0x41,
  0x44, 0x41, 0x54, 0x72, 0x41, 0x42, 0x31, 0x32,
  0x0A, 0x0C, 0x00, 0x00, 0x41, 0x42, 0x30, 0x42,
  0x70, 0x83, 0x88, 0x5C, 0x2E, 0x5F, 0x53, 0x42,
  0x5F, 0x41, 0x44, 0x41, 0x54, 0x72, 0x41, 0x42,
  0x31, 0x32, 0x0A, 0x0D, 0x00, 0x00, 0x41, 0x42,
  0x30, 0x43, 0x70, 0x83, 0x88, 0x5C, 0x2E, 0x5F,
  0x53, 0x42, 0x5F, 0x41, 0x44, 0x41, 0x54, 0x72,
  0x41, 0x42, 0x31, 0x32, 0x0A, 0x0E, 0x00, 0x00,
  0x41, 0x42, 0x30, 0x44, 0x14, 0x22, 0x41, 0x31,
  0x30, 0x37, 0x00, 0x70, 0x41, 0x30, 0x38, 0x39,
  0x60, 0xA0, 0x0A, 0x93, 0x60, 0x0A, 0x01, 0xA4,
  0x41, 0x42, 0x30, 0x31, 0xA0, 0x0A, 0x93, 0x60,
  0x0A, 0x00, 0xA4, 0x41, 0x42, 0x30, 0x45, 0x14,
  0x1F, 0x41, 0x31, 0x30, 0x32, 0x00, 0xA0, 0x15,
  0x92, 0x93, 0x41, 0x42, 0x31, 0x30, 0x0A, 0x00,
  0xA0, 0x0B, 0x93, 0x41, 0x42, 0x31, 0x30, 0x0A,
  0x01, 0xA4, 0x0A, 0x01, 0xA4, 0x0A, 0x00, 0x14,
  0x2A, 0x41, 0x31, 0x30, 0x38, 0x00, 0xA0, 0x0E,
  0x92, 0x93, 0x41, 0x42, 0x30, 0x35, 0x0A, 0x00,
  0xA4, 0x41, 0x42, 0x30, 0x35, 0xA0, 0x11, 0x94,
  0x41, 0x42, 0x31, 0x30, 0x0A, 0x01, 0xA4, 0x74,
  0x41, 0x42, 0x31, 0x30, 0x0A, 0x01, 0x00, 0xA4,
  0x0A, 0x00, 0x14, 0x49, 0x07, 0x41, 0x31, 0x30,
  0x31, 0x00, 0xA0, 0x22, 0x93, 0x5C, 0x2E, 0x5F,
  0x53, 0x42, 0x5F, 0x41, 0x50, 0x30, 0x35, 0x0A,
  0x00, 0xA0, 0x0E, 0x92, 0x93, 0x41, 0x42, 0x30,
  0x35, 0x0A, 0x00, 0xA4, 0x41, 0x42, 0x30, 0x35,
  0xA4, 0x41, 0x42, 0x30, 0x45, 0x70, 0x41, 0x31,
  0x30, 0x38, 0x60, 0xA0, 0x17, 0x92, 0x93, 0x60,
  0x0A, 0x00, 0xA0, 0x0C, 0x94, 0x60, 0x41, 0x42,
  0x30, 0x30, 0xA4, 0x41, 0x42, 0x30, 0x30, 0xA1,
  0x03, 0xA4, 0x60, 0x70, 0x41, 0x31, 0x30, 0x37,
  0x60, 0xA0, 0x28, 0x92, 0x93, 0x5C, 0x2E, 0x5F,
  0x53, 0x42, 0x5F, 0x41, 0x50, 0x30, 0x33, 0x0A,
  0x00, 0xA0, 0x18, 0x95, 0x5C, 0x2E, 0x5F, 0x53,
  0x42, 0x5F, 0x41, 0x50, 0x30, 0x33, 0x60, 0xA4,
  0x5C, 0x2E, 0x5F, 0x53, 0x42, 0x5F, 0x41, 0x50,
  0x30, 0x33, 0xA4, 0x60, 0x14, 0x0B, 0x41, 0x31,
  0x30, 0x30, 0x00, 0xA4, 0x41, 0x42, 0x30, 0x32,
  0x14, 0x0B, 0x41, 0x31, 0x30, 0x33, 0x00, 0xA4,
  0x41, 0x42, 0x30, 0x30, 0x14, 0x30, 0x41, 0x30,
  0x39, 0x39, 0x01, 0x70, 0x68, 0x41, 0x42, 0x30,
  0x32, 0x41, 0x31, 0x30, 0x39, 0x68, 0xA0, 0x09,
  0x92, 0x93, 0x41, 0x42, 0x31, 0x30, 0x0A, 0x00,
  0xA1, 0x01, 0x41, 0x31, 0x31, 0x30, 0x0A, 0x00,
  0x08, 0x41, 0x31, 0x31, 0x31, 0x0A, 0x00, 0x41,
  0x31, 0x31, 0x30, 0x0A, 0x01, 0x14, 0x0C, 0x41,
  0x31, 0x30, 0x34, 0x01, 0x70, 0x68, 0x41, 0x42,
  0x31, 0x30, 0x14, 0x22, 0x41, 0x31, 0x30, 0x35,
  0x01, 0x7A, 0x68, 0x0A, 0x08, 0x60, 0xA0, 0x13,
  0x90, 0x92, 0x95, 0x60, 0x41, 0x31, 0x31, 0x32,
  0x92, 0x94, 0x60, 0x41, 0x31, 0x31, 0x33, 0xA4,
  0x0A, 0x01, 0xA4, 0x0A, 0x00, 0x14, 0x1F, 0x41,
  0x31, 0x31, 0x34, 0x01, 0x7D, 0x41, 0x42, 0x30,
  0x44, 0x79, 0x41, 0x42, 0x30, 0x43, 0x0A, 0x03,
  0x00, 0x60, 0xA0, 0x07, 0x93, 0x68, 0x60, 0xA4,
  0x0A, 0x01, 0xA4, 0x0A, 0x00, 0x14, 0x0D, 0x41,
  0x31, 0x30, 0x36, 0x00, 0x70, 0x0A, 0x00, 0x41,
  0x42, 0x31, 0x30, 0x14, 0x25, 0x41, 0x31, 0x30,
  0x39, 0x01, 0xA0, 0x06, 0x92, 0x95, 0x68, 0x0A,
  0x02, 0xA0, 0x06, 0x92, 0x95, 0x68, 0x0A, 0x03,
  0xA0, 0x0E, 0x93, 0x68, 0x0A, 0x01, 0xA0, 0x08,
  0x93, 0x41, 0x42, 0x30, 0x34, 0x0A, 0x01, 0xA1,
  0x01, 0x14, 0x4D, 0x0F, 0x41, 0x31, 0x31, 0x35,
  0x01, 0x70, 0x0A, 0x00, 0x60, 0x70, 0x41, 0x31,
  0x31, 0x36, 0x60, 0x0A, 0x00, 0x61, 0x70, 0x41,
  0x31, 0x31, 0x36, 0x60, 0x0A, 0x08, 0x62, 0xA0,
  0x4F, 0x0D, 0x92, 0x93, 0x61, 0x0C, 0xFF, 0xFF,
  0xFF, 0xFF, 0x7B, 0x7A, 0x61, 0x0A, 0x10, 0x00,
  0x0B, 0xFF, 0xFF, 0x63, 0x7B, 0x61, 0x0B, 0xFF,
  0xFF, 0x61, 0x7B, 0x7A, 0x62, 0x0A, 0x18, 0x00,
  0x0A, 0xFF, 0x62, 0xA0, 0x4B, 0x0B, 0x93, 0x62,
  0x0A, 0x03, 0xA0, 0x44, 0x0B, 0x91, 0x93, 0x61,
  0x0B, 0x02, 0x10, 0x93, 0x61, 0x0B, 0x22, 0x10,
  0x70, 0x0A, 0x10, 0x60, 0xA2, 0x42, 0x0A, 0x95,
  0x60, 0x0A, 0x30, 0x70, 0x41, 0x31, 0x31, 0x36,
  0x0A, 0x00, 0x60, 0x64, 0x70, 0x0A, 0x00, 0x65,
  0xA0, 0x48, 0x07, 0x90, 0x93, 0x7B, 0x64, 0x0A,
  0x09, 0x00, 0x0A, 0x00, 0x92, 0x93, 0x64, 0x0A,
  0x00, 0xA0, 0x17, 0x93, 0x7B, 0x64, 0x0A, 0x06,
  0x00, 0x0A, 0x04, 0x72, 0x60, 0x0A, 0x04, 0x60,
  0x70, 0x41, 0x31, 0x31, 0x36, 0x0A, 0x00, 0x60,
  0x65, 0xA0, 0x34, 0x92, 0x93, 0x68, 0x0A, 0x00,
  0x41, 0x31, 0x31, 0x37, 0x0A, 0x25, 0x7B, 0x64,
  0x0C, 0xF0, 0xFF, 0xFF, 0xFF, 0x00, 0x0A, 0x00,
  0x41, 0x31, 0x31, 0x37, 0x0A, 0x26, 0x65, 0x0A,
  0x00, 0x41, 0x31, 0x31, 0x37, 0x0A, 0x28, 0x0A,
  0x00, 0x0A, 0x00, 0x41, 0x31, 0x31, 0x37, 0x0A,
  0x27, 0x0A, 0x00, 0x0A, 0x00, 0xA5, 0xA1, 0x1A,
  0x41, 0x31, 0x31, 0x37, 0x0A, 0x28, 0x0A, 0x00,
  0x0A, 0x00, 0x41, 0x31, 0x31, 0x37, 0x0A, 0x07,
  0x0A, 0x00, 0x79, 0x0A, 0x01, 0x0A, 0x0A, 0x00,
  0xA5, 0xA1, 0x10, 0xA0, 0x0E, 0x93, 0x7B, 0x64,
  0x0A, 0x06, 0x00, 0x0A, 0x04, 0x72, 0x60, 0x0A,
  0x04, 0x60, 0x72, 0x60, 0x0A, 0x04, 0x60, 0x14,
  0x42, 0x05, 0x41, 0x31, 0x32, 0x39, 0x02, 0xA0,
  0x11, 0x93, 0x41, 0x31, 0x31, 0x36, 0x68, 0x0A,
  0x00, 0x0C, 0xFF, 0xFF, 0xFF, 0xFF, 0xA4, 0x0A,
  0x00, 0x70, 0x41, 0x31, 0x31, 0x36, 0x68, 0x0A,
  0x34, 0x60, 0xA2, 0x2F, 0x0A, 0x01, 0x70, 0x41,
  0x31, 0x31, 0x36, 0x68, 0x7B, 0x60, 0x0A, 0xFF,
  0x00, 0x61, 0xA0, 0x0E, 0x93, 0x7B, 0x61, 0x0A,
  0xFF, 0x00, 0x69, 0xA4, 0x7B, 0x60, 0x0A, 0xFF,
  0x00, 0x7B, 0x7A, 0x61, 0x0A, 0x08, 0x00, 0x0A,
  0xFF, 0x60, 0xA0, 0x07, 0x93, 0x60, 0x0A, 0x00,
  0xA4, 0x60, 0x08, 0x41, 0x45, 0x53, 0x50, 0x12,
  0x12, 0x08, 0x0A, 0x00, 0x0A, 0x00, 0x0A, 0x00,
  0x0A, 0x00, 0x0A, 0x00, 0x0A, 0x00, 0x0A, 0x00,
  0x0A, 0x00, 0x14, 0x47, 0x09, 0x41, 0x31, 0x31,
  0x30, 0x01, 0x70, 0x0A, 0x00, 0x60, 0xA0, 0x49,
  0x08, 0x92, 0x93, 0x41, 0x31, 0x31, 0x36, 0x60,
  0x0A, 0x00, 0x0C, 0xFF, 0xFF, 0xFF, 0xFF, 0x7B,
  0x41, 0x31, 0x31, 0x36, 0x60, 0x0A, 0x08, 0x0A,
  0x80, 0x61, 0xA0, 0x09, 0x93, 0x61, 0x0A, 0x80,
  0x70, 0x0A, 0x07, 0x67, 0xA1, 0x05, 0x70, 0x0A,
  0x00, 0x67, 0xA2, 0x4D, 0x05, 0x92, 0x94, 0x60,
  0x67, 0x70, 0x41, 0x31, 0x32, 0x39, 0x60, 0x0A,
  0x10, 0x61, 0xA0, 0x08, 0x93, 0x61, 0x0A, 0x00,
  0x75, 0x60, 0x9F, 0xA0, 0x2B, 0x93, 0x68, 0x0A,
  0x00, 0x70, 0x41, 0x31, 0x31, 0x36, 0x60, 0x72,
  0x61, 0x0A, 0x10, 0x00, 0x62, 0x41, 0x31, 0x32,
  0x37, 0x60, 0x72, 0x61, 0x0A, 0x10, 0x00, 0x7B,
  0x62, 0x80, 0x0A, 0x03, 0x00, 0x00, 0x70, 0x62,
  0x88, 0x41, 0x45, 0x53, 0x50, 0x60, 0x00, 0xA1,
  0x16, 0x70, 0x83, 0x88, 0x41, 0x45, 0x53, 0x50,
  0x60, 0x00, 0x62, 0x41, 0x31, 0x32, 0x37, 0x60,
  0x72, 0x61, 0x0A, 0x10, 0x00, 0x62, 0x75, 0x60,
  0xA1, 0x01, 0x14, 0x3D, 0x41, 0x31, 0x32, 0x37,
  0x0B, 0x72, 0x41, 0x47, 0x52, 0x42, 0x79, 0x41,
  0x31, 0x31, 0x33, 0x0A, 0x14, 0x00, 0x60, 0x72,
  0x60, 0x79, 0x68, 0x0A, 0x0C, 0x00, 0x60, 0x72,
  0x60, 0x69, 0x60, 0x5B, 0x80, 0x41, 0x44, 0x52,
  0x42, 0x00, 0x60, 0x0A, 0x04, 0x5B, 0x81, 0x0B,
  0x41, 0x44, 0x52, 0x42, 0x03, 0x41, 0x44, 0x52,
  0x52, 0x20, 0x70, 0x6A, 0x41, 0x44, 0x52, 0x52,
  0x14, 0x3C, 0x41, 0x31, 0x31, 0x36, 0x0A, 0x72,
  0x41, 0x47, 0x52, 0x42, 0x79, 0x41, 0x31, 0x31,
  0x33, 0x0A, 0x14, 0x00, 0x60, 0x72, 0x60, 0x79,
  0x68, 0x0A, 0x0C, 0x00, 0x60, 0x72, 0x60, 0x69,
  0x60, 0x5B, 0x80, 0x41, 0x44, 0x52, 0x42, 0x00,
  0x60, 0x0A, 0x04, 0x5B, 0x81, 0x0B, 0x41, 0x44,
  0x52, 0x42, 0x03, 0x41, 0x44, 0x52, 0x52, 0x20,
  0xA4, 0x41, 0x44, 0x52, 0x52, 0x14, 0x19, 0x41,
  0x31, 0x32, 0x35, 0x01, 0xA0, 0x0C, 0x92, 0x93,
  0x41, 0x42, 0x30, 0x42, 0x0A, 0x01, 0xA4, 0x0A,
  0x00, 0xA4, 0x41, 0x31, 0x31, 0x34, 0x68, 0x14,
  0x45, 0x11, 0x41, 0x31, 0x32, 0x36, 0x01, 0x08,
  0x41, 0x31, 0x31, 0x31, 0x0A, 0x00, 0x70, 0x0A,
  0x00, 0x62, 0x70, 0x41, 0x31, 0x31, 0x39, 0x41,
  0x31, 0x31, 0x31, 0x7D, 0x41, 0x42, 0x30, 0x44,
  0x79, 0x41, 0x42, 0x30, 0x43, 0x0A, 0x03, 0x00,
  0x61, 0xA0, 0x10, 0x93, 0x68, 0x0A, 0x01, 0x70,
  0x0A, 0x00, 0x41, 0x31, 0x32, 0x30, 0x70, 0x0A,
  0x01, 0x60, 0xA1, 0x4D, 0x05, 0x41, 0x31, 0x31,
  0x30, 0x0A, 0x00, 0x70, 0x41, 0x31, 0x31, 0x36,
  0x0A, 0x00, 0x0A, 0x04, 0x60, 0xA0, 0x3B, 0x92,
  0x93, 0x60, 0x0C, 0xFF, 0xFF, 0xFF, 0xFF, 0x41,
  0x31, 0x32, 0x37, 0x0A, 0x00, 0x0A, 0x04, 0x7B,
  0x60, 0x80, 0x0A, 0x04, 0x00, 0x00, 0x70, 0x41,
  0x31, 0x31, 0x36, 0x0A, 0x01, 0x0A, 0x04, 0x60,
  0xA0, 0x18, 0x92, 0x93, 0x60, 0x0C, 0xFF, 0xFF,
  0xFF, 0xFF, 0x41, 0x31, 0x32, 0x37, 0x0A, 0x01,
  0x0A, 0x04, 0x7B, 0x60, 0x80, 0x0A, 0x04, 0x00,
  0x00, 0x70, 0x0A, 0x00, 0x62, 0x70, 0x0A, 0x01,
  0x41, 0x31, 0x32, 0x30, 0x70, 0x0A, 0x05, 0x60,
  0x70, 0x0A, 0x00, 0x41, 0x31, 0x31, 0x39, 0xA2,
  0x4A, 0x05, 0x92, 0x93, 0x60, 0x0A, 0x08, 0xA0,
  0x1A, 0x93, 0x60, 0x0A, 0x01, 0x41, 0x31, 0x32,
  0x38, 0x0A, 0x29, 0x61, 0x0A, 0x00, 0x0A, 0x00,
  0x0A, 0x00, 0x70, 0x0A, 0x01, 0x62, 0x70, 0x0A,
  0x08, 0x60, 0xA0, 0x37, 0x93, 0x60, 0x0A, 0x05,
  0x41, 0x31, 0x31, 0x36, 0x0A, 0x00, 0x0A, 0x00,
  0x41, 0x31, 0x32, 0x38, 0x0A, 0x2A, 0x61, 0x0A,
  0x00, 0x0A, 0x00, 0x0A, 0x00, 0x70, 0x0A, 0x00,
  0x41, 0x42, 0x30, 0x35, 0x70, 0x0A, 0x00, 0x41,
  0x42, 0x30, 0x34, 0x70, 0x0A, 0x00, 0x41, 0x42,
  0x31, 0x30, 0x70, 0x0A, 0x00, 0x62, 0x70, 0x0A,
  0x08, 0x60, 0x70, 0x41, 0x31, 0x31, 0x31, 0x41,
  0x31, 0x31, 0x39, 0xA0, 0x0F, 0x92, 0x93, 0x41,
  0x31, 0x31, 0x31, 0x0A, 0x00, 0x41, 0x31, 0x31,
  0x30, 0x0A, 0x01, 0xA4, 0x62, 0x5B, 0x82, 0x45,
  0x80, 0x41, 0x42, 0x52, 0x37, 0x08, 0x5F, 0x48,
  0x49, 0x44, 0x0C, 0x41, 0xD0, 0x0C, 0x02, 0x08,
  0x5F, 0x55, 0x49, 0x44, 0x0A, 0x87, 0x08, 0x41,
  0x42, 0x31, 0x32, 0x0A, 0xAC, 0x08, 0x41, 0x42,
  0x30, 0x30, 0x0A, 0x00, 0x08, 0x41, 0x42, 0x30,
  0x31, 0x0A, 0x00, 0x08, 0x41, 0x42, 0x30, 0x45,
  0x0A, 0x00, 0x08, 0x41, 0x42, 0x30, 0x32, 0x0A,
  0x00, 0x08, 0x41, 0x42, 0x30, 0x33, 0x0A, 0x00,
  0x08, 0x41, 0x42, 0x30, 0x34, 0x0A, 0x00, 0x08,
  0x41, 0x42, 0x30, 0x35, 0x0A, 0x00, 0x08, 0x41,
  0x42, 0x30, 0x36, 0x0A, 0x00, 0x08, 0x41, 0x42,
  0x30, 0x37, 0x0A, 0x00, 0x08, 0x41, 0x42, 0x30,
  0x38, 0x0A, 0x00, 0x08, 0x41, 0x42, 0x30, 0x39,
  0x0A, 0x00, 0x08, 0x41, 0x42, 0x30, 0x41, 0x0A,
  0x00, 0x08, 0x41, 0x42, 0x30, 0x42, 0x0A, 0x00,
  0x08, 0x41, 0x42, 0x30, 0x43, 0x0A, 0x00, 0x08,
  0x41, 0x42, 0x30, 0x44, 0x0A, 0x00, 0x5B, 0x80,
  0x41, 0x31, 0x31, 0x38, 0x00, 0x72, 0x41, 0x47,
  0x52, 0x42, 0x7D, 0x79, 0x83, 0x88, 0x5C, 0x2E,
  0x5F, 0x53, 0x42, 0x5F, 0x41, 0x44, 0x41, 0x54,
  0x72, 0x41, 0x42, 0x31, 0x32, 0x0A, 0x0D, 0x00,
  0x00, 0x0A, 0x0F, 0x00, 0x79, 0x83, 0x88, 0x5C,
  0x2E, 0x5F, 0x53, 0x42, 0x5F, 0x41, 0x44, 0x41,
  0x54, 0x72, 0x41, 0x42, 0x31, 0x32, 0x0A, 0x0E,
  0x00, 0x00, 0x0A, 0x0C, 0x00, 0x00, 0x00, 0x0B,
  0x00, 0x10, 0x5B, 0x81, 0x42, 0x04, 0x41, 0x31,
  0x31, 0x38, 0x01, 0x00, 0x40, 0x0C, 0x00, 0x08,
  0x41, 0x31, 0x31, 0x32, 0x08, 0x41, 0x31, 0x31,
  0x33, 0x08, 0x00, 0x48, 0x26, 0x41, 0x31, 0x31,
  0x39, 0x02, 0x00, 0x02, 0x41, 0x31, 0x32, 0x30,
  0x01, 0x41, 0x31, 0x32, 0x31, 0x01, 0x00, 0x0A,
  0x00, 0x0B, 0x41, 0x31, 0x32, 0x32, 0x01, 0x00,
  0x44, 0x0E, 0x41, 0x31, 0x32, 0x33, 0x04, 0x00,
  0x01, 0x41, 0x31, 0x32, 0x34, 0x01, 0x08, 0x41,
  0x42, 0x31, 0x30, 0x0A, 0x00, 0x14, 0x4D, 0x18,
  0x5F, 0x49, 0x4E, 0x49, 0x00, 0x70, 0x83, 0x88,
  0x5C, 0x2E, 0x5F, 0x53, 0x42, 0x5F, 0x41, 0x44,
  0x41, 0x54, 0x72, 0x41, 0x42, 0x31, 0x32, 0x0A,
  0x00, 0x00, 0x00, 0x41, 0x42, 0x30, 0x30, 0x70,
  0x83, 0x88, 0x5C, 0x2E, 0x5F, 0x53, 0x42, 0x5F,
  0x41, 0x44, 0x41, 0x54, 0x72, 0x41, 0x42, 0x31,
  0x32, 0x0A, 0x01, 0x00, 0x00, 0x41, 0x42, 0x30,
  0x45, 0x70, 0x83, 0x88, 0x5C, 0x2E, 0x5F, 0x53,
  0x42, 0x5F, 0x41, 0x44, 0x41, 0x54, 0x72, 0x41,
  0x42, 0x31, 0x32, 0x0A, 0x02, 0x00, 0x00, 0x41,
  0x42, 0x30, 0x31, 0x70, 0x83, 0x88, 0x5C, 0x2E,
  0x5F, 0x53, 0x42, 0x5F, 0x41, 0x44, 0x41, 0x54,
  0x72, 0x41, 0x42, 0x31, 0x32, 0x0A, 0x03, 0x00,
  0x00, 0x41, 0x42, 0x30, 0x32, 0x70, 0x83, 0x88,
  0x5C, 0x2E, 0x5F, 0x53, 0x42, 0x5F, 0x41, 0x44,
  0x41, 0x54, 0x72, 0x41, 0x42, 0x31, 0x32, 0x0A,
  0x04, 0x00, 0x00, 0x41, 0x42, 0x30, 0x33, 0x70,
  0x83, 0x88, 0x5C, 0x2E, 0x5F, 0x53, 0x42, 0x5F,
  0x41, 0x44, 0x41, 0x54, 0x72, 0x41, 0x42, 0x31,
  0x32, 0x0A, 0x05, 0x00, 0x00, 0x41, 0x42, 0x30,
  0x34, 0x70, 0x83, 0x88, 0x5C, 0x2E, 0x5F, 0x53,
  0x42, 0x5F, 0x41, 0x44, 0x41, 0x54, 0x72, 0x41,
  0x42, 0x31, 0x32, 0x0A, 0x06, 0x00, 0x00, 0x41,
  0x42, 0x30, 0x35, 0x70, 0x83, 0x88, 0x5C, 0x2E,
  0x5F, 0x53, 0x42, 0x5F, 0x41, 0x44, 0x41, 0x54,
  0x72, 0x41, 0x42, 0x31, 0x32, 0x0A, 0x07, 0x00,
  0x00, 0x41, 0x42, 0x30, 0x36, 0x70, 0x83, 0x88,
  0x5C, 0x2E, 0x5F, 0x53, 0x42, 0x5F, 0x41, 0x44,
  0x41, 0x54, 0x72, 0x41, 0x42, 0x31, 0x32, 0x0A,
  0x08, 0x00, 0x00, 0x41, 0x42, 0x30, 0x37, 0x70,
  0x83, 0x88, 0x5C, 0x2E, 0x5F, 0x53, 0x42, 0x5F,
  0x41, 0x44, 0x41, 0x54, 0x72, 0x41, 0x42, 0x31,
  0x32, 0x0A, 0x09, 0x00, 0x00, 0x41, 0x42, 0x30,
  0x38, 0x70, 0x83, 0x88, 0x5C, 0x2E, 0x5F, 0x53,
  0x42, 0x5F, 0x41, 0x44, 0x41, 0x54, 0x72, 0x41,
  0x42, 0x31, 0x32, 0x0A, 0x0A, 0x00, 0x00, 0x41,
  0x42, 0x30, 0x39, 0x70, 0x83, 0x88, 0x5C, 0x2E,
  0x5F, 0x53, 0x42, 0x5F, 0x41, 0x44, 0x41, 0x54,
  0x72, 0x41, 0x42, 0x31, 0x32, 0x0A, 0x0B, 0x00,
  0x00, 0x41, 0x42, 0x30, 0x41, 0x70, 0x83, 0x88,
  0x5C, 0x2E, 0x5F, 0x53, 0x42, 0x5F, 0x41, 0x44,
  0x41, 0x54, 0x72, 0x41, 0x42, 0x31, 0x32, 0x0A,
  0x0C, 0x00, 0x00, 0x41, 0x42, 0x30, 0x42, 0x70,
  0x83, 0x88, 0x5C, 0x2E, 0x5F, 0x53, 0x42, 0x5F,
  0x41, 0x44, 0x41, 0x54, 0x72, 0x41, 0x42, 0x31,
  0x32, 0x0A, 0x0D, 0x00, 0x00, 0x41, 0x42, 0x30,
  0x43, 0x70, 0x83, 0x88, 0x5C, 0x2E, 0x5F, 0x53,
  0x42, 0x5F, 0x41, 0x44, 0x41, 0x54, 0x72, 0x41,
  0x42, 0x31, 0x32, 0x0A, 0x0E, 0x00, 0x00, 0x41,
  0x42, 0x30, 0x44, 0x14, 0x22, 0x41, 0x31, 0x30,
  0x37, 0x00, 0x70, 0x41, 0x30, 0x38, 0x39, 0x60,
  0xA0, 0x0A, 0x93, 0x60, 0x0A, 0x01, 0xA4, 0x41,
  0x42, 0x30, 0x31, 0xA0, 0x0A, 0x93, 0x60, 0x0A,
  0x00, 0xA4, 0x41, 0x42, 0x30, 0x45, 0x14, 0x1F,
  0x41, 0x31, 0x30, 0x32, 0x00, 0xA0, 0x15, 0x92,
  0x93, 0x41, 0x42, 0x31, 0x30, 0x0A, 0x00, 0xA0,
  0x0B, 0x93, 0x41, 0x42, 0x31, 0x30, 0x0A, 0x01,
  0xA4, 0x0A, 0x01, 0xA4, 0x0A, 0x00, 0x14, 0x2A,
  0x41, 0x31, 0x30, 0x38, 0x00, 0xA0, 0x0E, 0x92,
  0x93, 0x41, 0x42, 0x30, 0x35, 0x0A, 0x00, 0xA4,
  0x41, 0x42, 0x30, 0x35, 0xA0, 0x11, 0x94, 0x41,
  0x42, 0x31, 0x30, 0x0A, 0x01, 0xA4, 0x74, 0x41,
  0x42, 0x31, 0x30, 0x0A, 0x01, 0x00, 0xA4, 0x0A,
  0x00, 0x14, 0x49, 0x07, 0x41, 0x31, 0x30, 0x31,
  0x00, 0xA0, 0x22, 0x93, 0x5C, 0x2E, 0x5F, 0x53,
  0x42, 0x5F, 0x41, 0x50, 0x30, 0x35, 0x0A, 0x00,
  0xA0, 0x0E, 0x92, 0x93, 0x41, 0x42, 0x30, 0x35,
  0x0A, 0x00, 0xA4, 0x41, 0x42, 0x30, 0x35, 0xA4,
  0x41, 0x42, 0x30, 0x45, 0x70, 0x41, 0x31, 0x30,
  0x38, 0x60, 0xA0, 0x17, 0x92, 0x93, 0x60, 0x0A,
  0x00, 0xA0, 0x0C, 0x94, 0x60, 0x41, 0x42, 0x30,
  0x30, 0xA4, 0x41, 0x42, 0x30, 0x30, 0xA1, 0x03,
  0xA4, 0x60, 0x70, 0x41, 0x31, 0x30, 0x37, 0x60,
  0xA0, 0x28, 0x92, 0x93, 0x5C, 0x2E, 0x5F, 0x53,
  0x42, 0x5F, 0x41, 0x50, 0x30, 0x33, 0x0A, 0x00,
  0xA0, 0x18, 0x95, 0x5C, 0x2E, 0x5F, 0x53, 0x42,
  0x5F, 0x41, 0x50, 0x30, 0x33, 0x60, 0xA4, 0x5C,
  0x2E, 0x5F, 0x53, 0x42, 0x5F, 0x41, 0x50, 0x30,
  0x33, 0xA4, 0x60, 0x14, 0x0B, 0x41, 0x31, 0x30,
  0x30, 0x00, 0xA4, 0x41, 0x42, 0x30, 0x32, 0x14,
  0x0B, 0x41, 0x31, 0x30, 0x33, 0x00, 0xA4, 0x41,
  0x42, 0x30, 0x30, 0x14, 0x30, 0x41, 0x30, 0x39,
  0x39, 0x01, 0x70, 0x68, 0x41, 0x42, 0x30, 0x32,
  0x41, 0x31, 0x30, 0x39, 0x68, 0xA0, 0x09, 0x92,
  0x93, 0x41, 0x42, 0x31, 0x30, 0x0A, 0x00, 0xA1,
  0x01, 0x41, 0x31, 0x31, 0x30, 0x0A, 0x00, 0x08,
  0x41, 0x31, 0x31, 0x31, 0x0A, 0x00, 0x41, 0x31,
  0x31, 0x30, 0x0A, 0x01, 0x14, 0x0C, 0x41, 0x31,
  0x30, 0x34, 0x01, 0x70, 0x68, 0x41, 0x42, 0x31,
  0x30, 0x14, 0x22, 0x41, 0x31, 0x30, 0x35, 0x01,
  0x7A, 0x68, 0x0A, 0x08, 0x60, 0xA0, 0x13, 0x90,
  0x92, 0x95, 0x60, 0x41, 0x31, 0x31, 0x32, 0x92,
  0x94, 0x60, 0x41, 0x31, 0x31, 0x33, 0xA4, 0x0A,
  0x01, 0xA4, 0x0A, 0x00, 0x14, 0x1F, 0x41, 0x31,
  0x31, 0x34, 0x01, 0x7D, 0x41, 0x42, 0x30, 0x44,
  0x79, 0x41, 0x42, 0x30, 0x43, 0x0A, 0x03, 0x00,
  0x60, 0xA0, 0x07, 0x93, 0x68, 0x60, 0xA4, 0x0A,
  0x01, 0xA4, 0x0A, 0x00, 0x14, 0x0D, 0x41, 0x31,
  0x30, 0x36, 0x00, 0x70, 0x0A, 0x00, 0x41, 0x42,
  0x31, 0x30, 0x14, 0x25, 0x41, 0x31, 0x30, 0x39,
  0x01, 0xA0, 0x06, 0x92, 0x95, 0x68, 0x0A, 0x02,
  0xA0, 0x06, 0x92, 0x95, 0x68, 0x0A, 0x03, 0xA0,
  0x0E, 0x93, 0x68, 0x0A, 0x01, 0xA0, 0x08, 0x93,
  0x41, 0x42, 0x30, 0x34, 0x0A, 0x01, 0xA1, 0x01,
  0x14, 0x4D, 0x0F, 0x41, 0x31, 0x31, 0x35, 0x01,
  0x70, 0x0A, 0x00, 0x60, 0x70, 0x41, 0x31, 0x31,
  0x36, 0x60, 0x0A, 0x00, 0x61, 0x70, 0x41, 0x31,
  0x31, 0x36, 0x60, 0x0A, 0x08, 0x62, 0xA0, 0x4F,
  0x0D, 0x92, 0x93, 0x61, 0x0C, 0xFF, 0xFF, 0xFF,
  0xFF, 0x7B, 0x7A, 0x61, 0x0A, 0x10, 0x00, 0x0B,
  0xFF, 0xFF, 0x63, 0x7B, 0x61, 0x0B, 0xFF, 0xFF,
  0x61, 0x7B, 0x7A, 0x62, 0x0A, 0x18, 0x00, 0x0A,
  0xFF, 0x62, 0xA0, 0x4B, 0x0B, 0x93, 0x62, 0x0A,
  0x03, 0xA0, 0x44, 0x0B, 0x91, 0x93, 0x61, 0x0B,
  0x02, 0x10, 0x93, 0x61, 0x0B, 0x22, 0x10, 0x70,
  0x0A, 0x10, 0x60, 0xA2, 0x42, 0x0A, 0x95, 0x60,
  0x0A, 0x30, 0x70, 0x41, 0x31, 0x31, 0x36, 0x0A,
  0x00, 0x60, 0x64, 0x70, 0x0A, 0x00, 0x65, 0xA0,
  0x48, 0x07, 0x90, 0x93, 0x7B, 0x64, 0x0A, 0x09,
  0x00, 0x0A, 0x00, 0x92, 0x93, 0x64, 0x0A, 0x00,
  0xA0, 0x17, 0x93, 0x7B, 0x64, 0x0A, 0x06, 0x00,
  0x0A, 0x04, 0x72, 0x60, 0x0A, 0x04, 0x60, 0x70,
  0x41, 0x31, 0x31, 0x36, 0x0A, 0x00, 0x60, 0x65,
  0xA0, 0x34, 0x92, 0x93, 0x68, 0x0A, 0x00, 0x41,
  0x31, 0x31, 0x37, 0x0A, 0x25, 0x7B, 0x64, 0x0C,
  0xF0, 0xFF, 0xFF, 0xFF, 0x00, 0x0A, 0x00, 0x41,
  0x31, 0x31, 0x37, 0x0A, 0x26, 0x65, 0x0A, 0x00,
  0x41, 0x31, 0x31, 0x37, 0x0A, 0x28, 0x0A, 0x00,
  0x0A, 0x00, 0x41, 0x31, 0x31, 0x37, 0x0A, 0x27,
  0x0A, 0x00, 0x0A, 0x00, 0xA5, 0xA1, 0x1A, 0x41,
  0x31, 0x31, 0x37, 0x0A, 0x28, 0x0A, 0x00, 0x0A,
  0x00, 0x41, 0x31, 0x31, 0x37, 0x0A, 0x07, 0x0A,
  0x00, 0x79, 0x0A, 0x01, 0x0A, 0x0A, 0x00, 0xA5,
  0xA1, 0x10, 0xA0, 0x0E, 0x93, 0x7B, 0x64, 0x0A,
  0x06, 0x00, 0x0A, 0x04, 0x72, 0x60, 0x0A, 0x04,
  0x60, 0x72, 0x60, 0x0A, 0x04, 0x60, 0x14, 0x42,
  0x05, 0x41, 0x31, 0x32, 0x39, 0x02, 0xA0, 0x11,
  0x93, 0x41, 0x31, 0x31, 0x36, 0x68, 0x0A, 0x00,
  0x0C, 0xFF, 0xFF, 0xFF, 0xFF, 0xA4, 0x0A, 0x00,
  0x70, 0x41, 0x31, 0x31, 0x36, 0x68, 0x0A, 0x34,
  0x60, 0xA2, 0x2F, 0x0A, 0x01, 0x70, 0x41, 0x31,
  0x31, 0x36, 0x68, 0x7B, 0x60, 0x0A, 0xFF, 0x00,
  0x61, 0xA0, 0x0E, 0x93, 0x7B, 0x61, 0x0A, 0xFF,
  0x00, 0x69, 0xA4, 0x7B, 0x60, 0x0A, 0xFF, 0x00,
  0x7B, 0x7A, 0x61, 0x0A, 0x08, 0x00, 0x0A, 0xFF,
  0x60, 0xA0, 0x07, 0x93, 0x60, 0x0A, 0x00, 0xA4,
  0x60, 0x08, 0x41, 0x45, 0x53, 0x50, 0x12, 0x12,
  0x08, 0x0A, 0x00, 0x0A, 0x00, 0x0A, 0x00, 0x0A,
  0x00, 0x0A, 0x00, 0x0A, 0x00, 0x0A, 0x00, 0x0A,
  0x00, 0x14, 0x47, 0x09, 0x41, 0x31, 0x31, 0x30,
  0x01, 0x70, 0x0A, 0x00, 0x60, 0xA0, 0x49, 0x08,
  0x92, 0x93, 0x41, 0x31, 0x31, 0x36, 0x60, 0x0A,
  0x00, 0x0C, 0xFF, 0xFF, 0xFF, 0xFF, 0x7B, 0x41,
  0x31, 0x31, 0x36, 0x60, 0x0A, 0x08, 0x0A, 0x80,
  0x61, 0xA0, 0x09, 0x93, 0x61, 0x0A, 0x80, 0x70,
  0x0A, 0x07, 0x67, 0xA1, 0x05, 0x70, 0x0A, 0x00,
  0x67, 0xA2, 0x4D, 0x05, 0x92, 0x94, 0x60, 0x67,
  0x70, 0x41, 0x31, 0x32, 0x39, 0x60, 0x0A, 0x10,
  0x61, 0xA0, 0x08, 0x93, 0x61, 0x0A, 0x00, 0x75,
  0x60, 0x9F, 0xA0, 0x2B, 0x93, 0x68, 0x0A, 0x00,
  0x70, 0x41, 0x31, 0x31, 0x36, 0x60, 0x72, 0x61,
  0x0A, 0x10, 0x00, 0x62, 0x41, 0x31, 0x32, 0x37,
  0x60, 0x72, 0x61, 0x0A, 0x10, 0x00, 0x7B, 0x62,
  0x80, 0x0A, 0x03, 0x00, 0x00, 0x70, 0x62, 0x88,
  0x41, 0x45, 0x53, 0x50, 0x60, 0x00, 0xA1, 0x16,
  0x70, 0x83, 0x88, 0x41, 0x45, 0x53, 0x50, 0x60,
  0x00, 0x62, 0x41, 0x31, 0x32, 0x37, 0x60, 0x72,
  0x61, 0x0A, 0x10, 0x00, 0x62, 0x75, 0x60, 0xA1,
  0x01, 0x14, 0x3D, 0x41, 0x31, 0x32, 0x37, 0x0B,
  0x72, 0x41, 0x47, 0x52, 0x42, 0x79, 0x41, 0x31,
  0x31, 0x33, 0x0A, 0x14, 0x00, 0x60, 0x72, 0x60,
  0x79, 0x68, 0x0A, 0x0C, 0x00, 0x60, 0x72, 0x60,
  0x69, 0x60, 0x5B, 0x80, 0x41, 0x44, 0x52, 0x42,
  0x00, 0x60, 0x0A, 0x04, 0x5B, 0x81, 0x0B, 0x41,
  0x44, 0x52, 0x42, 0x03, 0x41, 0x44, 0x52, 0x52,
  0x20, 0x70, 0x6A, 0x41, 0x44, 0x52, 0x52, 0x14,
  0x3C, 0x41, 0x31, 0x31, 0x36, 0x0A, 0x72, 0x41,
  0x47, 0x52, 0x42, 0x79, 0x41, 0x31, 0x31, 0x33,
  0x0A, 0x14, 0x00, 0x60, 0x72, 0x60, 0x79, 0x68,
  0x0A, 0x0C, 0x00, 0x60, 0x72, 0x60, 0x69, 0x60,
  0x5B, 0x80, 0x41, 0x44, 0x52, 0x42, 0x00, 0x60,
  0x0A, 0x04, 0x5B, 0x81, 0x0B, 0x41, 0x44, 0x52,
  0x42, 0x03, 0x41, 0x44, 0x52, 0x52, 0x20, 0xA4,
  0x41, 0x44, 0x52, 0x52, 0x14, 0x19, 0x41, 0x31,
  0x32, 0x35, 0x01, 0xA0, 0x0C, 0x92, 0x93, 0x41,
  0x42, 0x30, 0x42, 0x0A, 0x01, 0xA4, 0x0A, 0x00,
  0xA4, 0x41, 0x31, 0x31, 0x34, 0x68, 0x14, 0x45,
  0x11, 0x41, 0x31, 0x32, 0x36, 0x01, 0x08, 0x41,
  0x31, 0x31, 0x31, 0x0A, 0x00, 0x70, 0x0A, 0x00,
  0x62, 0x70, 0x41, 0x31, 0x31, 0x39, 0x41, 0x31,
  0x31, 0x31, 0x7D, 0x41, 0x42, 0x30, 0x44, 0x79,
  0x41, 0x42, 0x30, 0x43, 0x0A, 0x03, 0x00, 0x61,
  0xA0, 0x10, 0x93, 0x68, 0x0A, 0x01, 0x70, 0x0A,
  0x00, 0x41, 0x31, 0x32, 0x30, 0x70, 0x0A, 0x01,
  0x60, 0xA1, 0x4D, 0x05, 0x41, 0x31, 0x31, 0x30,
  0x0A, 0x00, 0x70, 0x41, 0x31, 0x31, 0x36, 0x0A,
  0x00, 0x0A, 0x04, 0x60, 0xA0, 0x3B, 0x92, 0x93,
  0x60, 0x0C, 0xFF, 0xFF, 0xFF, 0xFF, 0x41, 0x31,
  0x32, 0x37, 0x0A, 0x00, 0x0A, 0x04, 0x7B, 0x60,
  0x80, 0x0A, 0x04, 0x00, 0x00, 0x70, 0x41, 0x31,
  0x31, 0x36, 0x0A, 0x01, 0x0A, 0x04, 0x60, 0xA0,
  0x18, 0x92, 0x93, 0x60, 0x0C, 0xFF, 0xFF, 0xFF,
  0xFF, 0x41, 0x31, 0x32, 0x37, 0x0A, 0x01, 0x0A,
  0x04, 0x7B, 0x60, 0x80, 0x0A, 0x04, 0x00, 0x00,
  0x70, 0x0A, 0x00, 0x62, 0x70, 0x0A, 0x01, 0x41,
  0x31, 0x32, 0x30, 0x70, 0x0A, 0x05, 0x60, 0x70,
  0x0A, 0x00, 0x41, 0x31, 0x31, 0x39, 0xA2, 0x4A,
  0x05, 0x92, 0x93, 0x60, 0x0A, 0x08, 0xA0, 0x1A,
  0x93, 0x60, 0x0A, 0x01, 0x41, 0x31, 0x32, 0x38,
  0x0A, 0x29, 0x61, 0x0A, 0x00, 0x0A, 0x00, 0x0A,
  0x00, 0x70, 0x0A, 0x01, 0x62, 0x70, 0x0A, 0x08,
  0x60, 0xA0, 0x37, 0x93, 0x60, 0x0A, 0x05, 0x41,
  0x31, 0x31, 0x36, 0x0A, 0x00, 0x0A, 0x00, 0x41,
  0x31, 0x32, 0x38, 0x0A, 0x2A, 0x61, 0x0A, 0x00,
  0x0A, 0x00, 0x0A, 0x00, 0x70, 0x0A, 0x00, 0x41,
  0x42, 0x30, 0x35, 0x70, 0x0A, 0x00, 0x41, 0x42,
  0x30, 0x34, 0x70, 0x0A, 0x00, 0x41, 0x42, 0x31,
  0x30, 0x70, 0x0A, 0x00, 0x62, 0x70, 0x0A, 0x08,
  0x60, 0x70, 0x41, 0x31, 0x31, 0x31, 0x41, 0x31,
  0x31, 0x39, 0xA0, 0x0F, 0x92, 0x93, 0x41, 0x31,
  0x31, 0x31, 0x0A, 0x00, 0x41, 0x31, 0x31, 0x30,
  0x0A, 0x01, 0xA4, 0x62, 0x5B, 0x82, 0x45, 0x80,
  0x41, 0x42, 0x52, 0x38, 0x08, 0x5F, 0x48, 0x49,
  0x44, 0x0C, 0x41, 0xD0, 0x0C, 0x02, 0x08, 0x5F,
  0x55, 0x49, 0x44, 0x0A, 0x88, 0x08, 0x41, 0x42,
  0x31, 0x32, 0x0A, 0xC0, 0x08, 0x41, 0x42, 0x30,
  0x30, 0x0A, 0x00, 0x08, 0x41, 0x42, 0x30, 0x31,
  0x0A, 0x00, 0x08, 0x41, 0x42, 0x30, 0x45, 0x0A,
  0x00, 0x08, 0x41, 0x42, 0x30, 0x32, 0x0A, 0x00,
  0x08, 0x41, 0x42, 0x30, 0x33, 0x0A, 0x00, 0x08,
  0x41, 0x42, 0x30, 0x34, 0x0A, 0x00, 0x08, 0x41,
  0x42, 0x30, 0x35, 0x0A, 0x00, 0x08, 0x41, 0x42,
  0x30, 0x36, 0x0A, 0x00, 0x08, 0x41, 0x42, 0x30,
  0x37, 0x0A, 0x00, 0x08, 0x41, 0x42, 0x30, 0x38,
  0x0A, 0x00, 0x08, 0x41, 0x42, 0x30, 0x39, 0x0A,
  0x00, 0x08, 0x41, 0x42, 0x30, 0x41, 0x0A, 0x00,
  0x08, 0x41, 0x42, 0x30, 0x42, 0x0A, 0x00, 0x08,
  0x41, 0x42, 0x30, 0x43, 0x0A, 0x00, 0x08, 0x41,
  0x42, 0x30, 0x44, 0x0A, 0x00, 0x5B, 0x80, 0x41,
  0x31, 0x31, 0x38, 0x00, 0x72, 0x41, 0x47, 0x52,
  0x42, 0x7D, 0x79, 0x83, 0x88, 0x5C, 0x2E, 0x5F,
  0x53, 0x42, 0x5F, 0x41, 0x44, 0x41, 0x54, 0x72,
  0x41, 0x42, 0x31, 0x32, 0x0A, 0x0D, 0x00, 0x00,
  0x0A, 0x0F, 0x00, 0x79, 0x83, 0x88, 0x5C, 0x2E,
  0x5F, 0x53, 0x42, 0x5F, 0x41, 0x44, 0x41, 0x54,
  0x72, 0x41, 0x42, 0x31, 0x32, 0x0A, 0x0E, 0x00,
  0x00, 0x0A, 0x0C, 0x00, 0x00, 0x00, 0x0B, 0x00,
  0x10, 0x5B, 0x81, 0x42, 0x04, 0x41, 0x31, 0x31,
  0x38, 0x01, 0x00, 0x40, 0x0C, 0x00, 0x08, 0x41,
  0x31, 0x31, 0x32, 0x08, 0x41, 0x31, 0x31, 0x33,
  0x08, 0x00, 0x48, 0x26, 0x41, 0x31, 0x31, 0x39,
  0x02, 0x00, 0x02, 0x41, 0x31, 0x32, 0x30, 0x01,
  0x41, 0x31, 0x32, 0x31, 0x01, 0x00, 0x0A, 0x00,
  0x0B, 0x41, 0x31, 0x32, 0x32, 0x01, 0x00, 0x44,
  0x0E, 0x41, 0x31, 0x32, 0x33, 0x04, 0x00, 0x01,
  0x41, 0x31, 0x32, 0x34, 0x01, 0x08, 0x41, 0x42,
  0x31, 0x30, 0x0A, 0x00, 0x14, 0x4D, 0x18, 0x5F,
  0x49, 0x4E, 0x49, 0x00, 0x70, 0x83, 0x88, 0x5C,
  0x2E, 0x5F, 0x53, 0x42, 0x5F, 0x41, 0x44, 0x41,
  0x54, 0x72, 0x41, 0x42, 0x31, 0x32, 0x0A, 0x00,
  0x00, 0x00, 0x41, 0x42, 0x30, 0x30, 0x70, 0x83,
  0x88, 0x5C, 0x2E, 0x5F, 0x53, 0x42, 0x5F, 0x41,
  0x44, 0x41, 0x54, 0x72, 0x41, 0x42, 0x31, 0x32,
  0x0A, 0x01, 0x00, 0x00, 0x41, 0x42, 0x30, 0x45,
  0x70, 0x83, 0x88, 0x5C, 0x2E, 0x5F, 0x53, 0x42,
  0x5F, 0x41, 0x44, 0x41, 0x54, 0x72, 0x41, 0x42,
  0x31, 0x32, 0x0A, 0x02, 0x00, 0x00, 0x41, 0x42,
  0x30, 0x31, 0x70, 0x83, 0x88, 0x5C, 0x2E, 0x5F,
  0x53, 0x42, 0x5F, 0x41, 0x44, 0x41, 0x54, 0x72,
  0x41, 0x42, 0x31, 0x32, 0x0A, 0x03, 0x00, 0x00,
  0x41, 0x42, 0x30, 0x32, 0x70, 0x83, 0x88, 0x5C,
  0x2E, 0x5F, 0x53, 0x42, 0x5F, 0x41, 0x44, 0x41,
  0x54, 0x72, 0x41, 0x42, 0x31, 0x32, 0x0A, 0x04,
  0x00, 0x00, 0x41, 0x42, 0x30, 0x33, 0x70, 0x83,
  0x88, 0x5C, 0x2E, 0x5F, 0x53, 0x42, 0x5F, 0x41,
  0x44, 0x41, 0x54, 0x72, 0x41, 0x42, 0x31, 0x32,
  0x0A, 0x05, 0x00, 0x00, 0x41, 0x42, 0x30, 0x34,
  0x70, 0x83, 0x88, 0x5C, 0x2E, 0x5F, 0x53, 0x42,
  0x5F, 0x41, 0x44, 0x41, 0x54, 0x72, 0x41, 0x42,
  0x31, 0x32, 0x0A, 0x06, 0x00, 0x00, 0x41, 0x42,
  0x30, 0x35, 0x70, 0x83, 0x88, 0x5C, 0x2E, 0x5F,
  0x53, 0x42, 0x5F, 0x41, 0x44, 0x41, 0x54, 0x72,
  0x41, 0x42, 0x31, 0x32, 0x0A, 0x07, 0x00, 0x00,
  0x41, 0x42, 0x30, 0x36, 0x70, 0x83, 0x88, 0x5C,
  0x2E, 0x5F, 0x53, 0x42, 0x5F, 0x41, 0x44, 0x41,
  0x54, 0x72, 0x41, 0x42, 0x31, 0x32, 0x0A, 0x08,
  0x00, 0x00, 0x41, 0x42, 0x30, 0x37, 0x70, 0x83,
  0x88, 0x5C, 0x2E, 0x5F, 0x53, 0x42, 0x5F, 0x41,
  0x44, 0x41, 0x54, 0x72, 0x41, 0x42, 0x31, 0x32,
  0x0A, 0x09, 0x00, 0x00, 0x41, 0x42, 0x30, 0x38,
  0x70, 0x83, 0x88, 0x5C, 0x2E, 0x5F, 0x53, 0x42,
  0x5F, 0x41, 0x44, 0x41, 0x54, 0x72, 0x41, 0x42,
  0x31, 0x32, 0x0A, 0x0A, 0x00, 0x00, 0x41, 0x42,
  0x30, 0x39, 0x70, 0x83, 0x88, 0x5C, 0x2E, 0x5F,
  0x53, 0x42, 0x5F, 0x41, 0x44, 0x41, 0x54, 0x72,
  0x41, 0x42, 0x31, 0x32, 0x0A, 0x0B, 0x00, 0x00,
  0x41, 0x42, 0x30, 0x41, 0x70, 0x83, 0x88, 0x5C,
  0x2E, 0x5F, 0x53, 0x42, 0x5F, 0x41, 0x44, 0x41,
  0x54, 0x72, 0x41, 0x42, 0x31, 0x32, 0x0A, 0x0C,
  0x00, 0x00, 0x41, 0x42, 0x30, 0x42, 0x70, 0x83,
  0x88, 0x5C, 0x2E, 0x5F, 0x53, 0x42, 0x5F, 0x41,
  0x44, 0x41, 0x54, 0x72, 0x41, 0x42, 0x31, 0x32,
  0x0A, 0x0D, 0x00, 0x00, 0x41, 0x42, 0x30, 0x43,
  0x70, 0x83, 0x88, 0x5C, 0x2E, 0x5F, 0x53, 0x42,
  0x5F, 0x41, 0x44, 0x41, 0x54, 0x72, 0x41, 0x42,
  0x31, 0x32, 0x0A, 0x0E, 0x00, 0x00, 0x41, 0x42,
  0x30, 0x44, 0x14, 0x22, 0x41, 0x31, 0x30, 0x37,
  0x00, 0x70, 0x41, 0x30, 0x38, 0x39, 0x60, 0xA0,
  0x0A, 0x93, 0x60, 0x0A, 0x01, 0xA4, 0x41, 0x42,
  0x30, 0x31, 0xA0, 0x0A, 0x93, 0x60, 0x0A, 0x00,
  0xA4, 0x41, 0x42, 0x30, 0x45, 0x14, 0x1F, 0x41,
  0x31, 0x30, 0x32, 0x00, 0xA0, 0x15, 0x92, 0x93,
  0x41, 0x42, 0x31, 0x30, 0x0A, 0x00, 0xA0, 0x0B,
  0x93, 0x41, 0x42, 0x31, 0x30, 0x0A, 0x01, 0xA4,
  0x0A, 0x01, 0xA4, 0x0A, 0x00, 0x14, 0x2A, 0x41,
  0x31, 0x30, 0x38, 0x00, 0xA0, 0x0E, 0x92, 0x93,
  0x41, 0x42, 0x30, 0x35, 0x0A, 0x00, 0xA4, 0x41,
  0x42, 0x30, 0x35, 0xA0, 0x11, 0x94, 0x41, 0x42,
  0x31, 0x30, 0x0A, 0x01, 0xA4, 0x74, 0x41, 0x42,
  0x31, 0x30, 0x0A, 0x01, 0x00, 0xA4, 0x0A, 0x00,
  0x14, 0x49, 0x07, 0x41, 0x31, 0x30, 0x31, 0x00,
  0xA0, 0x22, 0x93, 0x5C, 0x2E, 0x5F, 0x53, 0x42,
  0x5F, 0x41, 0x50, 0x30, 0x35, 0x0A, 0x00, 0xA0,
  0x0E, 0x92, 0x93, 0x41, 0x42, 0x30, 0x35, 0x0A,
  0x00, 0xA4, 0x41, 0x42, 0x30, 0x35, 0xA4, 0x41,
  0x42, 0x30, 0x45, 0x70, 0x41, 0x31, 0x30, 0x38,
  0x60, 0xA0, 0x17, 0x92, 0x93, 0x60, 0x0A, 0x00,
  0xA0, 0x0C, 0x94, 0x60, 0x41, 0x42, 0x30, 0x30,
  0xA4, 0x41, 0x42, 0x30, 0x30, 0xA1, 0x03, 0xA4,
  0x60, 0x70, 0x41, 0x31, 0x30, 0x37, 0x60, 0xA0,
  0x28, 0x92, 0x93, 0x5C, 0x2E, 0x5F, 0x53, 0x42,
  0x5F, 0x41, 0x50, 0x30, 0x33, 0x0A, 0x00, 0xA0,
  0x18, 0x95, 0x5C, 0x2E, 0x5F, 0x53, 0x42, 0x5F,
  0x41, 0x50, 0x30, 0x33, 0x60, 0xA4, 0x5C, 0x2E,
  0x5F, 0x53, 0x42, 0x5F, 0x41, 0x50, 0x30, 0x33,
  0xA4, 0x60, 0x14, 0x0B, 0x41, 0x31, 0x30, 0x30,
  0x00, 0xA4, 0x41, 0x42, 0x30, 0x32, 0x14, 0x0B,
  0x41, 0x31, 0x30, 0x33, 0x00, 0xA4, 0x41, 0x42,
  0x30, 0x30, 0x14, 0x30, 0x41, 0x30, 0x39, 0x39,
  0x01, 0x70, 0x68, 0x41, 0x42, 0x30, 0x32, 0x41,
  0x31, 0x30, 0x39, 0x68, 0xA0, 0x09, 0x92, 0x93,
  0x41, 0x42, 0x31, 0x30, 0x0A, 0x00, 0xA1, 0x01,
  0x41, 0x31, 0x31, 0x30, 0x0A, 0x00, 0x08, 0x41,
  0x31, 0x31, 0x31, 0x0A, 0x00, 0x41, 0x31, 0x31,
  0x30, 0x0A, 0x01, 0x14, 0x0C, 0x41, 0x31, 0x30,
  0x34, 0x01, 0x70, 0x68, 0x41, 0x42, 0x31, 0x30,
  0x14, 0x22, 0x41, 0x31, 0x30, 0x35, 0x01, 0x7A,
  0x68, 0x0A, 0x08, 0x60, 0xA0, 0x13, 0x90, 0x92,
  0x95, 0x60, 0x41, 0x31, 0x31, 0x32, 0x92, 0x94,
  0x60, 0x41, 0x31, 0x31, 0x33, 0xA4, 0x0A, 0x01,
  0xA4, 0x0A, 0x00, 0x14, 0x1F, 0x41, 0x31, 0x31,
  0x34, 0x01, 0x7D, 0x41, 0x42, 0x30, 0x44, 0x79,
  0x41, 0x42, 0x30, 0x43, 0x0A, 0x03, 0x00, 0x60,
  0xA0, 0x07, 0x93, 0x68, 0x60, 0xA4, 0x0A, 0x01,
  0xA4, 0x0A, 0x00, 0x14, 0x0D, 0x41, 0x31, 0x30,
  0x36, 0x00, 0x70, 0x0A, 0x00, 0x41, 0x42, 0x31,
  0x30, 0x14, 0x25, 0x41, 0x31, 0x30, 0x39, 0x01,
  0xA0, 0x06, 0x92, 0x95, 0x68, 0x0A, 0x02, 0xA0,
  0x06, 0x92, 0x95, 0x68, 0x0A, 0x03, 0xA0, 0x0E,
  0x93, 0x68, 0x0A, 0x01, 0xA0, 0x08, 0x93, 0x41,
  0x42, 0x30, 0x34, 0x0A, 0x01, 0xA1, 0x01, 0x14,
  0x4D, 0x0F, 0x41, 0x31, 0x31, 0x35, 0x01, 0x70,
  0x0A, 0x00, 0x60, 0x70, 0x41, 0x31, 0x31, 0x36,
  0x60, 0x0A, 0x00, 0x61, 0x70, 0x41, 0x31, 0x31,
  0x36, 0x60, 0x0A, 0x08, 0x62, 0xA0, 0x4F, 0x0D,
  0x92, 0x93, 0x61, 0x0C, 0xFF, 0xFF, 0xFF, 0xFF,
  0x7B, 0x7A, 0x61, 0x0A, 0x10, 0x00, 0x0B, 0xFF,
  0xFF, 0x63, 0x7B, 0x61, 0x0B, 0xFF, 0xFF, 0x61,
  0x7B, 0x7A, 0x62, 0x0A, 0x18, 0x00, 0x0A, 0xFF,
  0x62, 0xA0, 0x4B, 0x0B, 0x93, 0x62, 0x0A, 0x03,
  0xA0, 0x44, 0x0B, 0x91, 0x93, 0x61, 0x0B, 0x02,
  0x10, 0x93, 0x61, 0x0B, 0x22, 0x10, 0x70, 0x0A,
  0x10, 0x60, 0xA2, 0x42, 0x0A, 0x95, 0x60, 0x0A,
  0x30, 0x70, 0x41, 0x31, 0x31, 0x36, 0x0A, 0x00,
  0x60, 0x64, 0x70, 0x0A, 0x00, 0x65, 0xA0, 0x48,
  0x07, 0x90, 0x93, 0x7B, 0x64, 0x0A, 0x09, 0x00,
  0x0A, 0x00, 0x92, 0x93, 0x64, 0x0A, 0x00, 0xA0,
  0x17, 0x93, 0x7B, 0x64, 0x0A, 0x06, 0x00, 0x0A,
  0x04, 0x72, 0x60, 0x0A, 0x04, 0x60, 0x70, 0x41,
  0x31, 0x31, 0x36, 0x0A, 0x00, 0x60, 0x65, 0xA0,
  0x34, 0x92, 0x93, 0x68, 0x0A, 0x00, 0x41, 0x31,
  0x31, 0x37, 0x0A, 0x25, 0x7B, 0x64, 0x0C, 0xF0,
  0xFF, 0xFF, 0xFF, 0x00, 0x0A, 0x00, 0x41, 0x31,
  0x31, 0x37, 0x0A, 0x26, 0x65, 0x0A, 0x00, 0x41,
  0x31, 0x31, 0x37, 0x0A, 0x28, 0x0A, 0x00, 0x0A,
  0x00, 0x41, 0x31, 0x31, 0x37, 0x0A, 0x27, 0x0A,
  0x00, 0x0A, 0x00, 0xA5, 0xA1, 0x1A, 0x41, 0x31,
  0x31, 0x37, 0x0A, 0x28, 0x0A, 0x00, 0x0A, 0x00,
  0x41, 0x31, 0x31, 0x37, 0x0A, 0x07, 0x0A, 0x00,
  0x79, 0x0A, 0x01, 0x0A, 0x0A, 0x00, 0xA5, 0xA1,
  0x10, 0xA0, 0x0E, 0x93, 0x7B, 0x64, 0x0A, 0x06,
  0x00, 0x0A, 0x04, 0x72, 0x60, 0x0A, 0x04, 0x60,
  0x72, 0x60, 0x0A, 0x04, 0x60, 0x14, 0x42, 0x05,
  0x41, 0x31, 0x32, 0x39, 0x02, 0xA0, 0x11, 0x93,
  0x41, 0x31, 0x31, 0x36, 0x68, 0x0A, 0x00, 0x0C,
  0xFF, 0xFF, 0xFF, 0xFF, 0xA4, 0x0A, 0x00, 0x70,
  0x41, 0x31, 0x31, 0x36, 0x68, 0x0A, 0x34, 0x60,
  0xA2, 0x2F, 0x0A, 0x01, 0x70, 0x41, 0x31, 0x31,
  0x36, 0x68, 0x7B, 0x60, 0x0A, 0xFF, 0x00, 0x61,
  0xA0, 0x0E, 0x93, 0x7B, 0x61, 0x0A, 0xFF, 0x00,
  0x69, 0xA4, 0x7B, 0x60, 0x0A, 0xFF, 0x00, 0x7B,
  0x7A, 0x61, 0x0A, 0x08, 0x00, 0x0A, 0xFF, 0x60,
  0xA0, 0x07, 0x93, 0x60, 0x0A, 0x00, 0xA4, 0x60,
  0x08, 0x41, 0x45, 0x53, 0x50, 0x12, 0x12, 0x08,
  0x0A, 0x00, 0x0A, 0x00, 0x0A, 0x00, 0x0A, 0x00,
  0x0A, 0x00, 0x0A, 0x00, 0x0A, 0x00, 0x0A, 0x00,
  0x14, 0x47, 0x09, 0x41, 0x31, 0x31, 0x30, 0x01,
  0x70, 0x0A, 0x00, 0x60, 0xA0, 0x49, 0x08, 0x92,
  0x93, 0x41, 0x31, 0x31, 0x36, 0x60, 0x0A, 0x00,
  0x0C, 0xFF, 0xFF, 0xFF, 0xFF, 0x7B, 0x41, 0x31,
  0x31, 0x36, 0x60, 0x0A, 0x08, 0x0A, 0x80, 0x61,
  0xA0, 0x09, 0x93, 0x61, 0x0A, 0x80, 0x70, 0x0A,
  0x07, 0x67, 0xA1, 0x05, 0x70, 0x0A, 0x00, 0x67,
  0xA2, 0x4D, 0x05, 0x92, 0x94, 0x60, 0x67, 0x70,
  0x41, 0x31, 0x32, 0x39, 0x60, 0x0A, 0x10, 0x61,
  0xA0, 0x08, 0x93, 0x61, 0x0A, 0x00, 0x75, 0x60,
  0x9F, 0xA0, 0x2B, 0x93, 0x68, 0x0A, 0x00, 0x70,
  0x41, 0x31, 0x31, 0x36, 0x60, 0x72, 0x61, 0x0A,
  0x10, 0x00, 0x62, 0x41, 0x31, 0x32, 0x37, 0x60,
  0x72, 0x61, 0x0A, 0x10, 0x00, 0x7B, 0x62, 0x80,
  0x0A, 0x03, 0x00, 0x00, 0x70, 0x62, 0x88, 0x41,
  0x45, 0x53, 0x50, 0x60, 0x00, 0xA1, 0x16, 0x70,
  0x83, 0x88, 0x41, 0x45, 0x53, 0x50, 0x60, 0x00,
  0x62, 0x41, 0x31, 0x32, 0x37, 0x60, 0x72, 0x61,
  0x0A, 0x10, 0x00, 0x62, 0x75, 0x60, 0xA1, 0x01,
  0x14, 0x3D, 0x41, 0x31, 0x32, 0x37, 0x0B, 0x72,
  0x41, 0x47, 0x52, 0x42, 0x79, 0x41, 0x31, 0x31,
  0x33, 0x0A, 0x14, 0x00, 0x60, 0x72, 0x60, 0x79,
  0x68, 0x0A, 0x0C, 0x00, 0x60, 0x72, 0x60, 0x69,
  0x60, 0x5B, 0x80, 0x41, 0x44, 0x52, 0x42, 0x00,
  0x60, 0x0A, 0x04, 0x5B, 0x81, 0x0B, 0x41, 0x44,
  0x52, 0x42, 0x03, 0x41, 0x44, 0x52, 0x52, 0x20,
  0x70, 0x6A, 0x41, 0x44, 0x52, 0x52, 0x14, 0x3C,
  0x41, 0x31, 0x31, 0x36, 0x0A, 0x72, 0x41, 0x47,
  0x52, 0x42, 0x79, 0x41, 0x31, 0x31, 0x33, 0x0A,
  0x14, 0x00, 0x60, 0x72, 0x60, 0x79, 0x68, 0x0A,
  0x0C, 0x00, 0x60, 0x72, 0x60, 0x69, 0x60, 0x5B,
  0x80, 0x41, 0x44, 0x52, 0x42, 0x00, 0x60, 0x0A,
  0x04, 0x5B, 0x81, 0x0B, 0x41, 0x44, 0x52, 0x42,
  0x03, 0x41, 0x44, 0x52, 0x52, 0x20, 0xA4, 0x41,
  0x44, 0x52, 0x52, 0x14, 0x19, 0x41, 0x31, 0x32,
  0x35, 0x01, 0xA0, 0x0C, 0x92, 0x93, 0x41, 0x42,
  0x30, 0x42, 0x0A, 0x01, 0xA4, 0x0A, 0x00, 0xA4,
  0x41, 0x31, 0x31, 0x34, 0x68, 0x14, 0x45, 0x11,
  0x41, 0x31, 0x32, 0x36, 0x01, 0x08, 0x41, 0x31,
  0x31, 0x31, 0x0A, 0x00, 0x70, 0x0A, 0x00, 0x62,
  0x70, 0x41, 0x31, 0x31, 0x39, 0x41, 0x31, 0x31,
  0x31, 0x7D, 0x41, 0x42, 0x30, 0x44, 0x79, 0x41,
  0x42, 0x30, 0x43, 0x0A, 0x03, 0x00, 0x61, 0xA0,
  0x10, 0x93, 0x68, 0x0A, 0x01, 0x70, 0x0A, 0x00,
  0x41, 0x31, 0x32, 0x30, 0x70, 0x0A, 0x01, 0x60,
  0xA1, 0x4D, 0x05, 0x41, 0x31, 0x31, 0x30, 0x0A,
  0x00, 0x70, 0x41, 0x31, 0x31, 0x36, 0x0A, 0x00,
  0x0A, 0x04, 0x60, 0xA0, 0x3B, 0x92, 0x93, 0x60,
  0x0C, 0xFF, 0xFF, 0xFF, 0xFF, 0x41, 0x31, 0x32,
  0x37, 0x0A, 0x00, 0x0A, 0x04, 0x7B, 0x60, 0x80,
  0x0A, 0x04, 0x00, 0x00, 0x70, 0x41, 0x31, 0x31,
  0x36, 0x0A, 0x01, 0x0A, 0x04, 0x60, 0xA0, 0x18,
  0x92, 0x93, 0x60, 0x0C, 0xFF, 0xFF, 0xFF, 0xFF,
  0x41, 0x31, 0x32, 0x37, 0x0A, 0x01, 0x0A, 0x04,
  0x7B, 0x60, 0x80, 0x0A, 0x04, 0x00, 0x00, 0x70,
  0x0A, 0x00, 0x62, 0x70, 0x0A, 0x01, 0x41, 0x31,
  0x32, 0x30, 0x70, 0x0A, 0x05, 0x60, 0x70, 0x0A,
  0x00, 0x41, 0x31, 0x31, 0x39, 0xA2, 0x4A, 0x05,
  0x92, 0x93, 0x60, 0x0A, 0x08, 0xA0, 0x1A, 0x93,
  0x60, 0x0A, 0x01, 0x41, 0x31, 0x32, 0x38, 0x0A,
  0x29, 0x61, 0x0A, 0x00, 0x0A, 0x00, 0x0A, 0x00,
  0x70, 0x0A, 0x01, 0x62, 0x70, 0x0A, 0x08, 0x60,
  0xA0, 0x37, 0x93, 0x60, 0x0A, 0x05, 0x41, 0x31,
  0x31, 0x36, 0x0A, 0x00, 0x0A, 0x00, 0x41, 0x31,
  0x32, 0x38, 0x0A, 0x2A, 0x61, 0x0A, 0x00, 0x0A,
  0x00, 0x0A, 0x00, 0x70, 0x0A, 0x00, 0x41, 0x42,
  0x30, 0x35, 0x70, 0x0A, 0x00, 0x41, 0x42, 0x30,
  0x34, 0x70, 0x0A, 0x00, 0x41, 0x42, 0x31, 0x30,
  0x70, 0x0A, 0x00, 0x62, 0x70, 0x0A, 0x08, 0x60,
  0x70, 0x41, 0x31, 0x31, 0x31, 0x41, 0x31, 0x31,
  0x39, 0xA0, 0x0F, 0x92, 0x93, 0x41, 0x31, 0x31,
  0x31, 0x0A, 0x00, 0x41, 0x31, 0x31, 0x30, 0x0A,
  0x01, 0xA4, 0x62, 0x5B, 0x82, 0x45, 0x80, 0x41,
  0x42, 0x52, 0x39, 0x08, 0x5F, 0x48, 0x49, 0x44,
  0x0C, 0x41, 0xD0, 0x0C, 0x02, 0x08, 0x5F, 0x55,
  0x49, 0x44, 0x0A, 0x89, 0x08, 0x41, 0x42, 0x31,
  0x32, 0x0A, 0xD4, 0x08, 0x41, 0x42, 0x30, 0x30,
  0x0A, 0x00, 0x08, 0x41, 0x42, 0x30, 0x31, 0x0A,
  0x00, 0x08, 0x41, 0x42, 0x30, 0x45, 0x0A, 0x00,
  0x08, 0x41, 0x42, 0x30, 0x32, 0x0A, 0x00, 0x08,
  0x41, 0x42, 0x30, 0x33, 0x0A, 0x00, 0x08, 0x41,
  0x42, 0x30, 0x34, 0x0A, 0x00, 0x08, 0x41, 0x42,
  0x30, 0x35, 0x0A, 0x00, 0x08, 0x41, 0x42, 0x30,
  0x36, 0x0A, 0x00, 0x08, 0x41, 0x42, 0x30, 0x37,
  0x0A, 0x00, 0x08, 0x41, 0x42, 0x30, 0x38, 0x0A,
  0x00, 0x08, 0x41, 0x42, 0x30, 0x39, 0x0A, 0x00,
  0x08, 0x41, 0x42, 0x30, 0x41, 0x0A, 0x00, 0x08,
  0x41, 0x42, 0x30, 0x42, 0x0A, 0x00, 0x08, 0x41,
  0x42, 0x30, 0x43, 0x0A, 0x00, 0x08, 0x41, 0x42,
  0x30, 0x44, 0x0A, 0x00, 0x5B, 0x80, 0x41, 0x31,
  0x31, 0x38, 0x00, 0x72, 0x41, 0x47, 0x52, 0x42,
  0x7D, 0x79, 0x83, 0x88, 0x5C, 0x2E, 0x5F, 0x53,
  0x42, 0x5F, 0x41, 0x44, 0x41, 0x54, 0x72, 0x41,
  0x42, 0x31, 0x32, 0x0A, 0x0D, 0x00, 0x00, 0x0A,
  0x0F, 0x00, 0x79, 0x83, 0x88, 0x5C, 0x2E, 0x5F,
  0x53, 0x42, 0x5F, 0x41, 0x44, 0x41, 0x54, 0x72,
  0x41, 0x42, 0x31, 0x32, 0x0A, 0x0E, 0x00, 0x00,
  0x0A, 0x0C, 0x00, 0x00, 0x00, 0x0B, 0x00, 0x10,
  0x5B, 0x81, 0x42, 0x04, 0x41, 0x31, 0x31, 0x38,
  0x01, 0x00, 0x40, 0x0C, 0x00, 0x08, 0x41, 0x31,
  0x31, 0x32, 0x08, 0x41, 0x31, 0x31, 0x33, 0x08,
  0x00, 0x48, 0x26, 0x41, 0x31, 0x31, 0x39, 0x02,
  0x00, 0x02, 0x41, 0x31, 0x32, 0x30, 0x01, 0x41,
  0x31, 0x32, 0x31, 0x01, 0x00, 0x0A, 0x00, 0x0B,
  0x41, 0x31, 0x32, 0x32, 0x01, 0x00, 0x44, 0x0E,
  0x41, 0x31, 0x32, 0x33, 0x04, 0x00, 0x01, 0x41,
  0x31, 0x32, 0x34, 0x01, 0x08, 0x41, 0x42, 0x31,
  0x30, 0x0A, 0x00, 0x14, 0x4D, 0x18, 0x5F, 0x49,
  0x4E, 0x49, 0x00, 0x70, 0x83, 0x88, 0x5C, 0x2E,
  0x5F, 0x53, 0x42, 0x5F, 0x41, 0x44, 0x41, 0x54,
  0x72, 0x41, 0x42, 0x31, 0x32, 0x0A, 0x00, 0x00,
  0x00, 0x41, 0x42, 0x30, 0x30, 0x70, 0x83, 0x88,
  0x5C, 0x2E, 0x5F, 0x53, 0x42, 0x5F, 0x41, 0x44,
  0x41, 0x54, 0x72, 0x41, 0x42, 0x31, 0x32, 0x0A,
  0x01, 0x00, 0x00, 0x41, 0x42, 0x30, 0x45, 0x70,
  0x83, 0x88, 0x5C, 0x2E, 0x5F, 0x53, 0x42, 0x5F,
  0x41, 0x44, 0x41, 0x54, 0x72, 0x41, 0x42, 0x31,
  0x32, 0x0A, 0x02, 0x00, 0x00, 0x41, 0x42, 0x30,
  0x31, 0x70, 0x83, 0x88, 0x5C, 0x2E, 0x5F, 0x53,
  0x42, 0x5F, 0x41, 0x44, 0x41, 0x54, 0x72, 0x41,
  0x42, 0x31, 0x32, 0x0A, 0x03, 0x00, 0x00, 0x41,
  0x42, 0x30, 0x32, 0x70, 0x83, 0x88, 0x5C, 0x2E,
  0x5F, 0x53, 0x42, 0x5F, 0x41, 0x44, 0x41, 0x54,
  0x72, 0x41, 0x42, 0x31, 0x32, 0x0A, 0x04, 0x00,
  0x00, 0x41, 0x42, 0x30, 0x33, 0x70, 0x83, 0x88,
  0x5C, 0x2E, 0x5F, 0x53, 0x42, 0x5F, 0x41, 0x44,
  0x41, 0x54, 0x72, 0x41, 0x42, 0x31, 0x32, 0x0A,
  0x05, 0x00, 0x00, 0x41, 0x42, 0x30, 0x34, 0x70,
  0x83, 0x88, 0x5C, 0x2E, 0x5F, 0x53, 0x42, 0x5F,
  0x41, 0x44, 0x41, 0x54, 0x72, 0x41, 0x42, 0x31,
  0x32, 0x0A, 0x06, 0x00, 0x00, 0x41, 0x42, 0x30,
  0x35, 0x70, 0x83, 0x88, 0x5C, 0x2E, 0x5F, 0x53,
  0x42, 0x5F, 0x41, 0x44, 0x41, 0x54, 0x72, 0x41,
  0x42, 0x31, 0x32, 0x0A, 0x07, 0x00, 0x00, 0x41,
  0x42, 0x30, 0x36, 0x70, 0x83, 0x88, 0x5C, 0x2E,
  0x5F, 0x53, 0x42, 0x5F, 0x41, 0x44, 0x41, 0x54,
  0x72, 0x41, 0x42, 0x31, 0x32, 0x0A, 0x08, 0x00,
  0x00, 0x41, 0x42, 0x30, 0x37, 0x70, 0x83, 0x88,
  0x5C, 0x2E, 0x5F, 0x53, 0x42, 0x5F, 0x41, 0x44,
  0x41, 0x54, 0x72, 0x41, 0x42, 0x31, 0x32, 0x0A,
  0x09, 0x00, 0x00, 0x41, 0x42, 0x30, 0x38, 0x70,
  0x83, 0x88, 0x5C, 0x2E, 0x5F, 0x53, 0x42, 0x5F,
  0x41, 0x44, 0x41, 0x54, 0x72, 0x41, 0x42, 0x31,
  0x32, 0x0A, 0x0A, 0x00, 0x00, 0x41, 0x42, 0x30,
  0x39, 0x70, 0x83, 0x88, 0x5C, 0x2E, 0x5F, 0x53,
  0x42, 0x5F, 0x41, 0x44, 0x41, 0x54, 0x72, 0x41,
  0x42, 0x31, 0x32, 0x0A, 0x0B, 0x00, 0x00, 0x41,
  0x42, 0x30, 0x41, 0x70, 0x83, 0x88, 0x5C, 0x2E,
  0x5F, 0x53, 0x42, 0x5F, 0x41, 0x44, 0x41, 0x54,
  0x72, 0x41, 0x42, 0x31, 0x32, 0x0A, 0x0C, 0x00,
  0x00, 0x41, 0x42, 0x30, 0x42, 0x70, 0x83, 0x88,
  0x5C, 0x2E, 0x5F, 0x53, 0x42, 0x5F, 0x41, 0x44,
  0x41, 0x54, 0x72, 0x41, 0x42, 0x31, 0x32, 0x0A,
  0x0D, 0x00, 0x00, 0x41, 0x42, 0x30, 0x43, 0x70,
  0x83, 0x88, 0x5C, 0x2E, 0x5F, 0x53, 0x42, 0x5F,
  0x41, 0x44, 0x41, 0x54, 0x72, 0x41, 0x42, 0x31,
  0x32, 0x0A, 0x0E, 0x00, 0x00, 0x41, 0x42, 0x30,
  0x44, 0x14, 0x22, 0x41, 0x31, 0x30, 0x37, 0x00,
  0x70, 0x41, 0x30, 0x38, 0x39, 0x60, 0xA0, 0x0A,
  0x93, 0x60, 0x0A, 0x01, 0xA4, 0x41, 0x42, 0x30,
  0x31, 0xA0, 0x0A, 0x93, 0x60, 0x0A, 0x00, 0xA4,
  0x41, 0x42, 0x30, 0x45, 0x14, 0x1F, 0x41, 0x31,
  0x30, 0x32, 0x00, 0xA0, 0x15, 0x92, 0x93, 0x41,
  0x42, 0x31, 0x30, 0x0A, 0x00, 0xA0, 0x0B, 0x93,
  0x41, 0x42, 0x31, 0x30, 0x0A, 0x01, 0xA4, 0x0A,
  0x01, 0xA4, 0x0A, 0x00, 0x14, 0x2A, 0x41, 0x31,
  0x30, 0x38, 0x00, 0xA0, 0x0E, 0x92, 0x93, 0x41,
  0x42, 0x30, 0x35, 0x0A, 0x00, 0xA4, 0x41, 0x42,
  0x30, 0x35, 0xA0, 0x11, 0x94, 0x41, 0x42, 0x31,
  0x30, 0x0A, 0x01, 0xA4, 0x74, 0x41, 0x42, 0x31,
  0x30, 0x0A, 0x01, 0x00, 0xA4, 0x0A, 0x00, 0x14,
  0x49, 0x07, 0x41, 0x31, 0x30, 0x31, 0x00, 0xA0,
  0x22, 0x93, 0x5C, 0x2E, 0x5F, 0x53, 0x42, 0x5F,
  0x41, 0x50, 0x30, 0x35, 0x0A, 0x00, 0xA0, 0x0E,
  0x92, 0x93, 0x41, 0x42, 0x30, 0x35, 0x0A, 0x00,
  0xA4, 0x41, 0x42, 0x30, 0x35, 0xA4, 0x41, 0x42,
  0x30, 0x45, 0x70, 0x41, 0x31, 0x30, 0x38, 0x60,
  0xA0, 0x17, 0x92, 0x93, 0x60, 0x0A, 0x00, 0xA0,
  0x0C, 0x94, 0x60, 0x41, 0x42, 0x30, 0x30, 0xA4,
  0x41, 0x42, 0x30, 0x30, 0xA1, 0x03, 0xA4, 0x60,
  0x70, 0x41, 0x31, 0x30, 0x37, 0x60, 0xA0, 0x28,
  0x92, 0x93, 0x5C, 0x2E, 0x5F, 0x53, 0x42, 0x5F,
  0x41, 0x50, 0x30, 0x33, 0x0A, 0x00, 0xA0, 0x18,
  0x95, 0x5C, 0x2E, 0x5F, 0x53, 0x42, 0x5F, 0x41,
  0x50, 0x30, 0x33, 0x60, 0xA4, 0x5C, 0x2E, 0x5F,
  0x53, 0x42, 0x5F, 0x41, 0x50, 0x30, 0x33, 0xA4,
  0x60, 0x14, 0x0B, 0x41, 0x31, 0x30, 0x30, 0x00,
  0xA4, 0x41, 0x42, 0x30, 0x32, 0x14, 0x0B, 0x41,
  0x31, 0x30, 0x33, 0x00, 0xA4, 0x41, 0x42, 0x30,
  0x30, 0x14, 0x30, 0x41, 0x30, 0x39, 0x39, 0x01,
  0x70, 0x68, 0x41, 0x42, 0x30, 0x32, 0x41, 0x31,
  0x30, 0x39, 0x68, 0xA0, 0x09, 0x92, 0x93, 0x41,
  0x42, 0x31, 0x30, 0x0A, 0x00, 0xA1, 0x01, 0x41,
  0x31, 0x31, 0x30, 0x0A, 0x00, 0x08, 0x41, 0x31,
  0x31, 0x31, 0x0A, 0x00, 0x41, 0x31, 0x31, 0x30,
  0x0A, 0x01, 0x14, 0x0C, 0x41, 0x31, 0x30, 0x34,
  0x01, 0x70, 0x68, 0x41, 0x42, 0x31, 0x30, 0x14,
  0x22, 0x41, 0x31, 0x30, 0x35, 0x01, 0x7A, 0x68,
  0x0A, 0x08, 0x60, 0xA0, 0x13, 0x90, 0x92, 0x95,
  0x60, 0x41, 0x31, 0x31, 0x32, 0x92, 0x94, 0x60,
  0x41, 0x31, 0x31, 0x33, 0xA4, 0x0A, 0x01, 0xA4,
  0x0A, 0x00, 0x14, 0x1F, 0x41, 0x31, 0x31, 0x34,
  0x01, 0x7D, 0x41, 0x42, 0x30, 0x44, 0x79, 0x41,
  0x42, 0x30, 0x43, 0x0A, 0x03, 0x00, 0x60, 0xA0,
  0x07, 0x93, 0x68, 0x60, 0xA4, 0x0A, 0x01, 0xA4,
  0x0A, 0x00, 0x14, 0x0D, 0x41, 0x31, 0x30, 0x36,
  0x00, 0x70, 0x0A, 0x00, 0x41, 0x42, 0x31, 0x30,
  0x14, 0x25, 0x41, 0x31, 0x30, 0x39, 0x01, 0xA0,
  0x06, 0x92, 0x95, 0x68, 0x0A, 0x02, 0xA0, 0x06,
  0x92, 0x95, 0x68, 0x0A, 0x03, 0xA0, 0x0E, 0x93,
  0x68, 0x0A, 0x01, 0xA0, 0x08, 0x93, 0x41, 0x42,
  0x30, 0x34, 0x0A, 0x01, 0xA1, 0x01, 0x14, 0x4D,
  0x0F, 0x41, 0x31, 0x31, 0x35, 0x01, 0x70, 0x0A,
  0x00, 0x60, 0x70, 0x41, 0x31, 0x31, 0x36, 0x60,
  0x0A, 0x00, 0x61, 0x70, 0x41, 0x31, 0x31, 0x36,
  0x60, 0x0A, 0x08, 0x62, 0xA0, 0x4F, 0x0D, 0x92,
  0x93, 0x61, 0x0C, 0xFF, 0xFF, 0xFF, 0xFF, 0x7B,
  0x7A, 0x61, 0x0A, 0x10, 0x00, 0x0B, 0xFF, 0xFF,
  0x63, 0x7B, 0x61, 0x0B, 0xFF, 0xFF, 0x61, 0x7B,
  0x7A, 0x62, 0x0A, 0x18, 0x00, 0x0A, 0xFF, 0x62,
  0xA0, 0x4B, 0x0B, 0x93, 0x62, 0x0A, 0x03, 0xA0,
  0x44, 0x0B, 0x91, 0x93, 0x61, 0x0B, 0x02, 0x10,
  0x93, 0x61, 0x0B, 0x22, 0x10, 0x70, 0x0A, 0x10,
  0x60, 0xA2, 0x42, 0x0A, 0x95, 0x60, 0x0A, 0x30,
  0x70, 0x41, 0x31, 0x31, 0x36, 0x0A, 0x00, 0x60,
  0x64, 0x70, 0x0A, 0x00, 0x65, 0xA0, 0x48, 0x07,
  0x90, 0x93, 0x7B, 0x64, 0x0A, 0x09, 0x00, 0x0A,
  0x00, 0x92, 0x93, 0x64, 0x0A, 0x00, 0xA0, 0x17,
  0x93, 0x7B, 0x64, 0x0A, 0x06, 0x00, 0x0A, 0x04,
  0x72, 0x60, 0x0A, 0x04, 0x60, 0x70, 0x41, 0x31,
  0x31, 0x36, 0x0A, 0x00, 0x60, 0x65, 0xA0, 0x34,
  0x92, 0x93, 0x68, 0x0A, 0x00, 0x41, 0x31, 0x31,
  0x37, 0x0A, 0x25, 0x7B, 0x64, 0x0C, 0xF0, 0xFF,
  0xFF, 0xFF, 0x00, 0x0A, 0x00, 0x41, 0x31, 0x31,
  0x37, 0x0A, 0x26, 0x65, 0x0A, 0x00, 0x41, 0x31,
  0x31, 0x37, 0x0A, 0x28, 0x0A, 0x00, 0x0A, 0x00,
  0x41, 0x31, 0x31, 0x37, 0x0A, 0x27, 0x0A, 0x00,
  0x0A, 0x00, 0xA5, 0xA1, 0x1A, 0x41, 0x31, 0x31,
  0x37, 0x0A, 0x28, 0x0A, 0x00, 0x0A, 0x00, 0x41,
  0x31, 0x31, 0x37, 0x0A, 0x07, 0x0A, 0x00, 0x79,
  0x0A, 0x01, 0x0A, 0x0A, 0x00, 0xA5, 0xA1, 0x10,
  0xA0, 0x0E, 0x93, 0x7B, 0x64, 0x0A, 0x06, 0x00,
  0x0A, 0x04, 0x72, 0x60, 0x0A, 0x04, 0x60, 0x72,
  0x60, 0x0A, 0x04, 0x60, 0x14, 0x42, 0x05, 0x41,
  0x31, 0x32, 0x39, 0x02, 0xA0, 0x11, 0x93, 0x41,
  0x31, 0x31, 0x36, 0x68, 0x0A, 0x00, 0x0C, 0xFF,
  0xFF, 0xFF, 0xFF, 0xA4, 0x0A, 0x00, 0x70, 0x41,
  0x31, 0x31, 0x36, 0x68, 0x0A, 0x34, 0x60, 0xA2,
  0x2F, 0x0A, 0x01, 0x70, 0x41, 0x31, 0x31, 0x36,
  0x68, 0x7B, 0x60, 0x0A, 0xFF, 0x00, 0x61, 0xA0,
  0x0E, 0x93, 0x7B, 0x61, 0x0A, 0xFF, 0x00, 0x69,
  0xA4, 0x7B, 0x60, 0x0A, 0xFF, 0x00, 0x7B, 0x7A,
  0x61, 0x0A, 0x08, 0x00, 0x0A, 0xFF, 0x60, 0xA0,
  0x07, 0x93, 0x60, 0x0A, 0x00, 0xA4, 0x60, 0x08,
  0x41, 0x45, 0x53, 0x50, 0x12, 0x12, 0x08, 0x0A,
  0x00, 0x0A, 0x00, 0x0A, 0x00, 0x0A, 0x00, 0x0A,
  0x00, 0x0A, 0x00, 0x0A, 0x00, 0x0A, 0x00, 0x14,
  0x47, 0x09, 0x41, 0x31, 0x31, 0x30, 0x01, 0x70,
  0x0A, 0x00, 0x60, 0xA0, 0x49, 0x08, 0x92, 0x93,
  0x41, 0x31, 0x31, 0x36, 0x60, 0x0A, 0x00, 0x0C,
  0xFF, 0xFF, 0xFF, 0xFF, 0x7B, 0x41, 0x31, 0x31,
  0x36, 0x60, 0x0A, 0x08, 0x0A, 0x80, 0x61, 0xA0,
  0x09, 0x93, 0x61, 0x0A, 0x80, 0x70, 0x0A, 0x07,
  0x67, 0xA1, 0x05, 0x70, 0x0A, 0x00, 0x67, 0xA2,
  0x4D, 0x05, 0x92, 0x94, 0x60, 0x67, 0x70, 0x41,
  0x31, 0x32, 0x39, 0x60, 0x0A, 0x10, 0x61, 0xA0,
  0x08, 0x93, 0x61, 0x0A, 0x00, 0x75, 0x60, 0x9F,
  0xA0, 0x2B, 0x93, 0x68, 0x0A, 0x00, 0x70, 0x41,
  0x31, 0x31, 0x36, 0x60, 0x72, 0x61, 0x0A, 0x10,
  0x00, 0x62, 0x41, 0x31, 0x32, 0x37, 0x60, 0x72,
  0x61, 0x0A, 0x10, 0x00, 0x7B, 0x62, 0x80, 0x0A,
  0x03, 0x00, 0x00, 0x70, 0x62, 0x88, 0x41, 0x45,
  0x53, 0x50, 0x60, 0x00, 0xA1, 0x16, 0x70, 0x83,
  0x88, 0x41, 0x45, 0x53, 0x50, 0x60, 0x00, 0x62,
  0x41, 0x31, 0x32, 0x37, 0x60, 0x72, 0x61, 0x0A,
  0x10, 0x00, 0x62, 0x75, 0x60, 0xA1, 0x01, 0x14,
  0x3D, 0x41, 0x31, 0x32, 0x37, 0x0B, 0x72, 0x41,
  0x47, 0x52, 0x42, 0x79, 0x41, 0x31, 0x31, 0x33,
  0x0A, 0x14, 0x00, 0x60, 0x72, 0x60, 0x79, 0x68,
  0x0A, 0x0C, 0x00, 0x60, 0x72, 0x60, 0x69, 0x60,
  0x5B, 0x80, 0x41, 0x44, 0x52, 0x42, 0x00, 0x60,
  0x0A, 0x04, 0x5B, 0x81, 0x0B, 0x41, 0x44, 0x52,
  0x42, 0x03, 0x41, 0x44, 0x52, 0x52, 0x20, 0x70,
  0x6A, 0x41, 0x44, 0x52, 0x52, 0x14, 0x3C, 0x41,
  0x31, 0x31, 0x36, 0x0A, 0x72, 0x41, 0x47, 0x52,
  0x42, 0x79, 0x41, 0x31, 0x31, 0x33, 0x0A, 0x14,
  0x00, 0x60, 0x72, 0x60, 0x79, 0x68, 0x0A, 0x0C,
  0x00, 0x60, 0x72, 0x60, 0x69, 0x60, 0x5B, 0x80,
  0x41, 0x44, 0x52, 0x42, 0x00, 0x60, 0x0A, 0x04,
  0x5B, 0x81, 0x0B, 0x41, 0x44, 0x52, 0x42, 0x03,
  0x41, 0x44, 0x52, 0x52, 0x20, 0xA4, 0x41, 0x44,
  0x52, 0x52, 0x14, 0x19, 0x41, 0x31, 0x32, 0x35,
  0x01, 0xA0, 0x0C, 0x92, 0x93, 0x41, 0x42, 0x30,
  0x42, 0x0A, 0x01, 0xA4, 0x0A, 0x00, 0xA4, 0x41,
  0x31, 0x31, 0x34, 0x68, 0x14, 0x45, 0x11, 0x41,
  0x31, 0x32, 0x36, 0x01, 0x08, 0x41, 0x31, 0x31,
  0x31, 0x0A, 0x00, 0x70, 0x0A, 0x00, 0x62, 0x70,
  0x41, 0x31, 0x31, 0x39, 0x41, 0x31, 0x31, 0x31,
  0x7D, 0x41, 0x42, 0x30, 0x44, 0x79, 0x41, 0x42,
  0x30, 0x43, 0x0A, 0x03, 0x00, 0x61, 0xA0, 0x10,
  0x93, 0x68, 0x0A, 0x01, 0x70, 0x0A, 0x00, 0x41,
  0x31, 0x32, 0x30, 0x70, 0x0A, 0x01, 0x60, 0xA1,
  0x4D, 0x05, 0x41, 0x31, 0x31, 0x30, 0x0A, 0x00,
  0x70, 0x41, 0x31, 0x31, 0x36, 0x0A, 0x00, 0x0A,
  0x04, 0x60, 0xA0, 0x3B, 0x92, 0x93, 0x60, 0x0C,
  0xFF, 0xFF, 0xFF, 0xFF, 0x41, 0x31, 0x32, 0x37,
  0x0A, 0x00, 0x0A, 0x04, 0x7B, 0x60, 0x80, 0x0A,
  0x04, 0x00, 0x00, 0x70, 0x41, 0x31, 0x31, 0x36,
  0x0A, 0x01, 0x0A, 0x04, 0x60, 0xA0, 0x18, 0x92,
  0x93, 0x60, 0x0C, 0xFF, 0xFF, 0xFF, 0xFF, 0x41,
  0x31, 0x32, 0x37, 0x0A, 0x01, 0x0A, 0x04, 0x7B,
  0x60, 0x80, 0x0A, 0x04, 0x00, 0x00, 0x70, 0x0A,
  0x00, 0x62, 0x70, 0x0A, 0x01, 0x41, 0x31, 0x32,
  0x30, 0x70, 0x0A, 0x05, 0x60, 0x70, 0x0A, 0x00,
  0x41, 0x31, 0x31, 0x39, 0xA2, 0x4A, 0x05, 0x92,
  0x93, 0x60, 0x0A, 0x08, 0xA0, 0x1A, 0x93, 0x60,
  0x0A, 0x01, 0x41, 0x31, 0x32, 0x38, 0x0A, 0x29,
  0x61, 0x0A, 0x00, 0x0A, 0x00, 0x0A, 0x00, 0x70,
  0x0A, 0x01, 0x62, 0x70, 0x0A, 0x08, 0x60, 0xA0,
  0x37, 0x93, 0x60, 0x0A, 0x05, 0x41, 0x31, 0x31,
  0x36, 0x0A, 0x00, 0x0A, 0x00, 0x41, 0x31, 0x32,
  0x38, 0x0A, 0x2A, 0x61, 0x0A, 0x00, 0x0A, 0x00,
  0x0A, 0x00, 0x70, 0x0A, 0x00, 0x41, 0x42, 0x30,
  0x35, 0x70, 0x0A, 0x00, 0x41, 0x42, 0x30, 0x34,
  0x70, 0x0A, 0x00, 0x41, 0x42, 0x31, 0x30, 0x70,
  0x0A, 0x00, 0x62, 0x70, 0x0A, 0x08, 0x60, 0x70,
  0x41, 0x31, 0x31, 0x31, 0x41, 0x31, 0x31, 0x39,
  0xA0, 0x0F, 0x92, 0x93, 0x41, 0x31, 0x31, 0x31,
  0x0A, 0x00, 0x41, 0x31, 0x31, 0x30, 0x0A, 0x01,
  0xA4, 0x62, 0x5B, 0x82, 0x45, 0x80, 0x41, 0x42,
  0x52, 0x41, 0x08, 0x5F, 0x48, 0x49, 0x44, 0x0C,
  0x41, 0xD0, 0x0C, 0x02, 0x08, 0x5F, 0x55, 0x49,
  0x44, 0x0A, 0x8A, 0x08, 0x41, 0x42, 0x31, 0x32,
  0x0A, 0xE8, 0x08, 0x41, 0x42, 0x30, 0x30, 0x0A,
  0x00, 0x08, 0x41, 0x42, 0x30, 0x31, 0x0A, 0x00,
  0x08, 0x41, 0x42, 0x30, 0x45, 0x0A, 0x00, 0x08,
  0x41, 0x42, 0x30, 0x32, 0x0A, 0x00, 0x08, 0x41,
  0x42, 0x30, 0x33, 0x0A, 0x00, 0x08, 0x41, 0x42,
  0x30, 0x34, 0x0A, 0x00, 0x08, 0x41, 0x42, 0x30,
  0x35, 0x0A, 0x00, 0x08, 0x41, 0x42, 0x30, 0x36,
  0x0A, 0x00, 0x08, 0x41, 0x42, 0x30, 0x37, 0x0A,
  0x00, 0x08, 0x41, 0x42, 0x30, 0x38, 0x0A, 0x00,
  0x08, 0x41, 0x42, 0x30, 0x39, 0x0A, 0x00, 0x08,
  0x41, 0x42, 0x30, 0x41, 0x0A, 0x00, 0x08, 0x41,
  0x42, 0x30, 0x42, 0x0A, 0x00, 0x08, 0x41, 0x42,
  0x30, 0x43, 0x0A, 0x00, 0x08, 0x41, 0x42, 0x30,
  0x44, 0x0A, 0x00, 0x5B, 0x80, 0x41, 0x31, 0x31,
  0x38, 0x00, 0x72, 0x41, 0x47, 0x52, 0x42, 0x7D,
  0x79, 0x83, 0x88, 0x5C, 0x2E, 0x5F, 0x53, 0x42,
  0x5F, 0x41, 0x44, 0x41, 0x54, 0x72, 0x41, 0x42,
  0x31, 0x32, 0x0A, 0x0D, 0x00, 0x00, 0x0A, 0x0F,
  0x00, 0x79, 0x83, 0x88, 0x5C, 0x2E, 0x5F, 0x53,
  0x42, 0x5F, 0x41, 0x44, 0x41, 0x54, 0x72, 0x41,
  0x42, 0x31, 0x32, 0x0A, 0x0E, 0x00, 0x00, 0x0A,
  0x0C, 0x00, 0x00, 0x00, 0x0B, 0x00, 0x10, 0x5B,
  0x81, 0x42, 0x04, 0x41, 0x31, 0x31, 0x38, 0x01,
  0x00, 0x40, 0x0C, 0x00, 0x08, 0x41, 0x31, 0x31,
  0x32, 0x08, 0x41, 0x31, 0x31, 0x33, 0x08, 0x00,
  0x48, 0x26, 0x41, 0x31, 0x31, 0x39, 0x02, 0x00,
  0x02, 0x41, 0x31, 0x32, 0x30, 0x01, 0x41, 0x31,
  0x32, 0x31, 0x01, 0x00, 0x0A, 0x00, 0x0B, 0x41,
  0x31, 0x32, 0x32, 0x01, 0x00, 0x44, 0x0E, 0x41,
  0x31, 0x32, 0x33, 0x04, 0x00, 0x01, 0x41, 0x31,
  0x32, 0x34, 0x01, 0x08, 0x41, 0x42, 0x31, 0x30,
  0x0A, 0x00, 0x14, 0x4D, 0x18, 0x5F, 0x49, 0x4E,
  0x49, 0x00, 0x70, 0x83, 0x88, 0x5C, 0x2E, 0x5F,
  0x53, 0x42, 0x5F, 0x41, 0x44, 0x41, 0x54, 0x72,
  0x41, 0x42, 0x31, 0x32, 0x0A, 0x00, 0x00, 0x00,
  0x41, 0x42, 0x30, 0x30, 0x70, 0x83, 0x88, 0x5C,
  0x2E, 0x5F, 0x53, 0x42, 0x5F, 0x41, 0x44, 0x41,
  0x54, 0x72, 0x41, 0x42, 0x31, 0x32, 0x0A, 0x01,
  0x00, 0x00, 0x41, 0x42, 0x30, 0x45, 0x70, 0x83,
  0x88, 0x5C, 0x2E, 0x5F, 0x53, 0x42, 0x5F, 0x41,
  0x44, 0x41, 0x54, 0x72, 0x41, 0x42, 0x31, 0x32,
  0x0A, 0x02, 0x00, 0x00, 0x41, 0x42, 0x30, 0x31,
  0x70, 0x83, 0x88, 0x5C, 0x2E, 0x5F, 0x53, 0x42,
  0x5F, 0x41, 0x44, 0x41, 0x54, 0x72, 0x41, 0x42,
  0x31, 0x32, 0x0A, 0x03, 0x00, 0x00, 0x41, 0x42,
  0x30, 0x32, 0x70, 0x83, 0x88, 0x5C, 0x2E, 0x5F,
  0x53, 0x42, 0x5F, 0x41, 0x44, 0x41, 0x54, 0x72,
  0x41, 0x42, 0x31, 0x32, 0x0A, 0x04, 0x00, 0x00,
  0x41, 0x42, 0x30, 0x33, 0x70, 0x83, 0x88, 0x5C,
  0x2E, 0x5F, 0x53, 0x42, 0x5F, 0x41, 0x44, 0x41,
  0x54, 0x72, 0x41, 0x42, 0x31, 0x32, 0x0A, 0x05,
  0x00, 0x00, 0x41, 0x42, 0x30, 0x34, 0x70, 0x83,
  0x88, 0x5C, 0x2E, 0x5F, 0x53, 0x42, 0x5F, 0x41,
  0x44, 0x41, 0x54, 0x72, 0x41, 0x42, 0x31, 0x32,
  0x0A, 0x06, 0x00, 0x00, 0x41, 0x42, 0x30, 0x35,
  0x70, 0x83, 0x88, 0x5C, 0x2E, 0x5F, 0x53, 0x42,
  0x5F, 0x41, 0x44, 0x41, 0x54, 0x72, 0x41, 0x42,
  0x31, 0x32, 0x0A, 0x07, 0x00, 0x00, 0x41, 0x42,
  0x30, 0x36, 0x70, 0x83, 0x88, 0x5C, 0x2E, 0x5F,
  0x53, 0x42, 0x5F, 0x41, 0x44, 0x41, 0x54, 0x72,
  0x41, 0x42, 0x31, 0x32, 0x0A, 0x08, 0x00, 0x00,
  0x41, 0x42, 0x30, 0x37, 0x70, 0x83, 0x88, 0x5C,
  0x2E, 0x5F, 0x53, 0x42, 0x5F, 0x41, 0x44, 0x41,
  0x54, 0x72, 0x41, 0x42, 0x31, 0x32, 0x0A, 0x09,
  0x00, 0x00, 0x41, 0x42, 0x30, 0x38, 0x70, 0x83,
  0x88, 0x5C, 0x2E, 0x5F, 0x53, 0x42, 0x5F, 0x41,
  0x44, 0x41, 0x54, 0x72, 0x41, 0x42, 0x31, 0x32,
  0x0A, 0x0A, 0x00, 0x00, 0x41, 0x42, 0x30, 0x39,
  0x70, 0x83, 0x88, 0x5C, 0x2E, 0x5F, 0x53, 0x42,
  0x5F, 0x41, 0x44, 0x41, 0x54, 0x72, 0x41, 0x42,
  0x31, 0x32, 0x0A, 0x0B, 0x00, 0x00, 0x41, 0x42,
  0x30, 0x41, 0x70, 0x83, 0x88, 0x5C, 0x2E, 0x5F,
  0x53, 0x42, 0x5F, 0x41, 0x44, 0x41, 0x54, 0x72,
  0x41, 0x42, 0x31, 0x32, 0x0A, 0x0C, 0x00, 0x00,
  0x41, 0x42, 0x30, 0x42, 0x70, 0x83, 0x88, 0x5C,
  0x2E, 0x5F, 0x53, 0x42, 0x5F, 0x41, 0x44, 0x41,
  0x54, 0x72, 0x41, 0x42, 0x31, 0x32, 0x0A, 0x0D,
  0x00, 0x00, 0x41, 0x42, 0x30, 0x43, 0x70, 0x83,
  0x88, 0x5C, 0x2E, 0x5F, 0x53, 0x42, 0x5F, 0x41,
  0x44, 0x41, 0x54, 0x72, 0x41, 0x42, 0x31, 0x32,
  0x0A, 0x0E, 0x00, 0x00, 0x41, 0x42, 0x30, 0x44,
  0x14, 0x22, 0x41, 0x31, 0x30, 0x37, 0x00, 0x70,
  0x41, 0x30, 0x38, 0x39, 0x60, 0xA0, 0x0A, 0x93,
  0x60, 0x0A, 0x01, 0xA4, 0x41, 0x42, 0x30, 0x31,
  0xA0, 0x0A, 0x93, 0x60, 0x0A, 0x00, 0xA4, 0x41,
  0x42, 0x30, 0x45, 0x14, 0x1F, 0x41, 0x31, 0x30,
  0x32, 0x00, 0xA0, 0x15, 0x92, 0x93, 0x41, 0x42,
  0x31, 0x30, 0x0A, 0x00, 0xA0, 0x0B, 0x93, 0x41,
  0x42, 0x31, 0x30, 0x0A, 0x01, 0xA4, 0x0A, 0x01,
  0xA4, 0x0A, 0x00, 0x14, 0x2A, 0x41, 0x31, 0x30,
  0x38, 0x00, 0xA0, 0x0E, 0x92, 0x93, 0x41, 0x42,
  0x30, 0x35, 0x0A, 0x00, 0xA4, 0x41, 0x42, 0x30,
  0x35, 0xA0, 0x11, 0x94, 0x41, 0x42, 0x31, 0x30,
  0x0A, 0x01, 0xA4, 0x74, 0x41, 0x42, 0x31, 0x30,
  0x0A, 0x01, 0x00, 0xA4, 0x0A, 0x00, 0x14, 0x49,
  0x07, 0x41, 0x31, 0x30, 0x31, 0x00, 0xA0, 0x22,
  0x93, 0x5C, 0x2E, 0x5F, 0x53, 0x42, 0x5F, 0x41,
  0x50, 0x30, 0x35, 0x0A, 0x00, 0xA0, 0x0E, 0x92,
  0x93, 0x41, 0x42, 0x30, 0x35, 0x0A, 0x00, 0xA4,
  0x41, 0x42, 0x30, 0x35, 0xA4, 0x41, 0x42, 0x30,
  0x45, 0x70, 0x41, 0x31, 0x30, 0x38, 0x60, 0xA0,
  0x17, 0x92, 0x93, 0x60, 0x0A, 0x00, 0xA0, 0x0C,
  0x94, 0x60, 0x41, 0x42, 0x30, 0x30, 0xA4, 0x41,
  0x42, 0x30, 0x30, 0xA1, 0x03, 0xA4, 0x60, 0x70,
  0x41, 0x31, 0x30, 0x37, 0x60, 0xA0, 0x28, 0x92,
  0x93, 0x5C, 0x2E, 0x5F, 0x53, 0x42, 0x5F, 0x41,
  0x50, 0x30, 0x33, 0x0A, 0x00, 0xA0, 0x18, 0x95,
  0x5C, 0x2E, 0x5F, 0x53, 0x42, 0x5F, 0x41, 0x50,
  0x30, 0x33, 0x60, 0xA4, 0x5C, 0x2E, 0x5F, 0x53,
  0x42, 0x5F, 0x41, 0x50, 0x30, 0x33, 0xA4, 0x60,
  0x14, 0x0B, 0x41, 0x31, 0x30, 0x30, 0x00, 0xA4,
  0x41, 0x42, 0x30, 0x32, 0x14, 0x0B, 0x41, 0x31,
  0x30, 0x33, 0x00, 0xA4, 0x41, 0x42, 0x30, 0x30,
  0x14, 0x30, 0x41, 0x30, 0x39, 0x39, 0x01, 0x70,
  0x68, 0x41, 0x42, 0x30, 0x32, 0x41, 0x31, 0x30,
  0x39, 0x68, 0xA0, 0x09, 0x92, 0x93, 0x41, 0x42,
  0x31, 0x30, 0x0A, 0x00, 0xA1, 0x01, 0x41, 0x31,
  0x31, 0x30, 0x0A, 0x00, 0x08, 0x41, 0x31, 0x31,
  0x31, 0x0A, 0x00, 0x41, 0x31, 0x31, 0x30, 0x0A,
  0x01, 0x14, 0x0C, 0x41, 0x31, 0x30, 0x34, 0x01,
  0x70, 0x68, 0x41, 0x42, 0x31, 0x30, 0x14, 0x22,
  0x41, 0x31, 0x30, 0x35, 0x01, 0x7A, 0x68, 0x0A,
  0x08, 0x60, 0xA0, 0x13, 0x90, 0x92, 0x95, 0x60,
  0x41, 0x31, 0x31, 0x32, 0x92, 0x94, 0x60, 0x41,
  0x31, 0x31, 0x33, 0xA4, 0x0A, 0x01, 0xA4, 0x0A,
  0x00, 0x14, 0x1F, 0x41, 0x31, 0x31, 0x34, 0x01,
  0x7D, 0x41, 0x42, 0x30, 0x44, 0x79, 0x41, 0x42,
  0x30, 0x43, 0x0A, 0x03, 0x00, 0x60, 0xA0, 0x07,
  0x93, 0x68, 0x60, 0xA4, 0x0A, 0x01, 0xA4, 0x0A,
  0x00, 0x14, 0x0D, 0x41, 0x31, 0x30, 0x36, 0x00,
  0x70, 0x0A, 0x00, 0x41, 0x42, 0x31, 0x30, 0x14,
  0x25, 0x41, 0x31, 0x30, 0x39, 0x01, 0xA0, 0x06,
  0x92, 0x95, 0x68, 0x0A, 0x02, 0xA0, 0x06, 0x92,
  0x95, 0x68, 0x0A, 0x03, 0xA0, 0x0E, 0x93, 0x68,
  0x0A, 0x01, 0xA0, 0x08, 0x93, 0x41, 0x42, 0x30,
  0x34, 0x0A, 0x01, 0xA1, 0x01, 0x14, 0x4D, 0x0F,
  0x41, 0x31, 0x31, 0x35, 0x01, 0x70, 0x0A, 0x00,
  0x60, 0x70, 0x41, 0x31, 0x31, 0x36, 0x60, 0x0A,
  0x00, 0x61, 0x70, 0x41, 0x31, 0x31, 0x36, 0x60,
  0x0A, 0x08, 0x62, 0xA0, 0x4F, 0x0D, 0x92, 0x93,
  0x61, 0x0C, 0xFF, 0xFF, 0xFF, 0xFF, 0x7B, 0x7A,
  0x61, 0x0A, 0x10, 0x00, 0x0B, 0xFF, 0xFF, 0x63,
  0x7B, 0x61, 0x0B, 0xFF, 0xFF, 0x61, 0x7B, 0x7A,
  0x62, 0x0A, 0x18, 0x00, 0x0A, 0xFF, 0x62, 0xA0,
  0x4B, 0x0B, 0x93, 0x62, 0x0A, 0x03, 0xA0, 0x44,
  0x0B, 0x91, 0x93, 0x61, 0x0B, 0x02, 0x10, 0x93,
  0x61, 0x0B, 0x22, 0x10, 0x70, 0x0A, 0x10, 0x60,
  0xA2, 0x42, 0x0A, 0x95, 0x60, 0x0A, 0x30, 0x70,
  0x41, 0x31, 0x31, 0x36, 0x0A, 0x00, 0x60, 0x64,
  0x70, 0x0A, 0x00, 0x65, 0xA0, 0x48, 0x07, 0x90,
  0x93, 0x7B, 0x64, 0x0A, 0x09, 0x00, 0x0A, 0x00,
  0x92, 0x93, 0x64, 0x0A, 0x00, 0xA0, 0x17, 0x93,
  0x7B, 0x64, 0x0A, 0x06, 0x00, 0x0A, 0x04, 0x72,
  0x60, 0x0A, 0x04, 0x60, 0x70, 0x41, 0x31, 0x31,
  0x36, 0x0A, 0x00, 0x60, 0x65, 0xA0, 0x34, 0x92,
  0x93, 0x68, 0x0A, 0x00, 0x41, 0x31, 0x31, 0x37,
  0x0A, 0x25, 0x7B, 0x64, 0x0C, 0xF0, 0xFF, 0xFF,
  0xFF, 0x00, 0x0A, 0x00, 0x41, 0x31, 0x31, 0x37,
  0x0A, 0x26, 0x65, 0x0A, 0x00, 0x41, 0x31, 0x31,
  0x37, 0x0A, 0x28, 0x0A, 0x00, 0x0A, 0x00, 0x41,
  0x31, 0x31, 0x37, 0x0A, 0x27, 0x0A, 0x00, 0x0A,
  0x00, 0xA5, 0xA1, 0x1A, 0x41, 0x31, 0x31, 0x37,
  0x0A, 0x28, 0x0A, 0x00, 0x0A, 0x00, 0x41, 0x31,
  0x31, 0x37, 0x0A, 0x07, 0x0A, 0x00, 0x79, 0x0A,
  0x01, 0x0A, 0x0A, 0x00, 0xA5, 0xA1, 0x10, 0xA0,
  0x0E, 0x93, 0x7B, 0x64, 0x0A, 0x06, 0x00, 0x0A,
  0x04, 0x72, 0x60, 0x0A, 0x04, 0x60, 0x72, 0x60,
  0x0A, 0x04, 0x60, 0x14, 0x42, 0x05, 0x41, 0x31,
  0x32, 0x39, 0x02, 0xA0, 0x11, 0x93, 0x41, 0x31,
  0x31, 0x36, 0x68, 0x0A, 0x00, 0x0C, 0xFF, 0xFF,
  0xFF, 0xFF, 0xA4, 0x0A, 0x00, 0x70, 0x41, 0x31,
  0x31, 0x36, 0x68, 0x0A, 0x34, 0x60, 0xA2, 0x2F,
  0x0A, 0x01, 0x70, 0x41, 0x31, 0x31, 0x36, 0x68,
  0x7B, 0x60, 0x0A, 0xFF, 0x00, 0x61, 0xA0, 0x0E,
  0x93, 0x7B, 0x61, 0x0A, 0xFF, 0x00, 0x69, 0xA4,
  0x7B, 0x60, 0x0A, 0xFF, 0x00, 0x7B, 0x7A, 0x61,
  0x0A, 0x08, 0x00, 0x0A, 0xFF, 0x60, 0xA0, 0x07,
  0x93, 0x60, 0x0A, 0x00, 0xA4, 0x60, 0x08, 0x41,
  0x45, 0x53, 0x50, 0x12, 0x12, 0x08, 0x0A, 0x00,
  0x0A, 0x00, 0x0A, 0x00, 0x0A, 0x00, 0x0A, 0x00,
  0x0A, 0x00, 0x0A, 0x00, 0x0A, 0x00, 0x14, 0x47,
  0x09, 0x41, 0x31, 0x31, 0x30, 0x01, 0x70, 0x0A,
  0x00, 0x60, 0xA0, 0x49, 0x08, 0x92, 0x93, 0x41,
  0x31, 0x31, 0x36, 0x60, 0x0A, 0x00, 0x0C, 0xFF,
  0xFF, 0xFF, 0xFF, 0x7B, 0x41, 0x31, 0x31, 0x36,
  0x60, 0x0A, 0x08, 0x0A, 0x80, 0x61, 0xA0, 0x09,
  0x93, 0x61, 0x0A, 0x80, 0x70, 0x0A, 0x07, 0x67,
  0xA1, 0x05, 0x70, 0x0A, 0x00, 0x67, 0xA2, 0x4D,
  0x05, 0x92, 0x94, 0x60, 0x67, 0x70, 0x41, 0x31,
  0x32, 0x39, 0x60, 0x0A, 0x10, 0x61, 0xA0, 0x08,
  0x93, 0x61, 0x0A, 0x00, 0x75, 0x60, 0x9F, 0xA0,
  0x2B, 0x93, 0x68, 0x0A, 0x00, 0x70, 0x41, 0x31,
  0x31, 0x36, 0x60, 0x72, 0x61, 0x0A, 0x10, 0x00,
  0x62, 0x41, 0x31, 0x32, 0x37, 0x60, 0x72, 0x61,
  0x0A, 0x10, 0x00, 0x7B, 0x62, 0x80, 0x0A, 0x03,
  0x00, 0x00, 0x70, 0x62, 0x88, 0x41, 0x45, 0x53,
  0x50, 0x60, 0x00, 0xA1, 0x16, 0x70, 0x83, 0x88,
  0x41, 0x45, 0x53, 0x50, 0x60, 0x00, 0x62, 0x41,
  0x31, 0x32, 0x37, 0x60, 0x72, 0x61, 0x0A, 0x10,
  0x00, 0x62, 0x75, 0x60, 0xA1, 0x01, 0x14, 0x3D,
  0x41, 0x31, 0x32, 0x37, 0x0B, 0x72, 0x41, 0x47,
  0x52, 0x42, 0x79, 0x41, 0x31, 0x31, 0x33, 0x0A,
  0x14, 0x00, 0x60, 0x72, 0x60, 0x79, 0x68, 0x0A,
  0x0C, 0x00, 0x60, 0x72, 0x60, 0x69, 0x60, 0x5B,
  0x80, 0x41, 0x44, 0x52, 0x42, 0x00, 0x60, 0x0A,
  0x04, 0x5B, 0x81, 0x0B, 0x41, 0x44, 0x52, 0x42,
  0x03, 0x41, 0x44, 0x52, 0x52, 0x20, 0x70, 0x6A,
  0x41, 0x44, 0x52, 0x52, 0x14, 0x3C, 0x41, 0x31,
  0x31, 0x36, 0x0A, 0x72, 0x41, 0x47, 0x52, 0x42,
  0x79, 0x41, 0x31, 0x31, 0x33, 0x0A, 0x14, 0x00,
  0x60, 0x72, 0x60, 0x79, 0x68, 0x0A, 0x0C, 0x00,
  0x60, 0x72, 0x60, 0x69, 0x60, 0x5B, 0x80, 0x41,
  0x44, 0x52, 0x42, 0x00, 0x60, 0x0A, 0x04, 0x5B,
  0x81, 0x0B, 0x41, 0x44, 0x52, 0x42, 0x03, 0x41,
  0x44, 0x52, 0x52, 0x20, 0xA4, 0x41, 0x44, 0x52,
  0x52, 0x14, 0x19, 0x41, 0x31, 0x32, 0x35, 0x01,
  0xA0, 0x0C, 0x92, 0x93, 0x41, 0x42, 0x30, 0x42,
  0x0A, 0x01, 0xA4, 0x0A, 0x00, 0xA4, 0x41, 0x31,
  0x31, 0x34, 0x68, 0x14, 0x45, 0x11, 0x41, 0x31,
  0x32, 0x36, 0x01, 0x08, 0x41, 0x31, 0x31, 0x31,
  0x0A, 0x00, 0x70, 0x0A, 0x00, 0x62, 0x70, 0x41,
  0x31, 0x31, 0x39, 0x41, 0x31, 0x31, 0x31, 0x7D,
  0x41, 0x42, 0x30, 0x44, 0x79, 0x41, 0x42, 0x30,
  0x43, 0x0A, 0x03, 0x00, 0x61, 0xA0, 0x10, 0x93,
  0x68, 0x0A, 0x01, 0x70, 0x0A, 0x00, 0x41, 0x31,
  0x32, 0x30, 0x70, 0x0A, 0x01, 0x60, 0xA1, 0x4D,
  0x05, 0x41, 0x31, 0x31, 0x30, 0x0A, 0x00, 0x70,
  0x41, 0x31, 0x31, 0x36, 0x0A, 0x00, 0x0A, 0x04,
  0x60, 0xA0, 0x3B, 0x92, 0x93, 0x60, 0x0C, 0xFF,
  0xFF, 0xFF, 0xFF, 0x41, 0x31, 0x32, 0x37, 0x0A,
  0x00, 0x0A, 0x04, 0x7B, 0x60, 0x80, 0x0A, 0x04,
  0x00, 0x00, 0x70, 0x41, 0x31, 0x31, 0x36, 0x0A,
  0x01, 0x0A, 0x04, 0x60, 0xA0, 0x18, 0x92, 0x93,
  0x60, 0x0C, 0xFF, 0xFF, 0xFF, 0xFF, 0x41, 0x31,
  0x32, 0x37, 0x0A, 0x01, 0x0A, 0x04, 0x7B, 0x60,
  0x80, 0x0A, 0x04, 0x00, 0x00, 0x70, 0x0A, 0x00,
  0x62, 0x70, 0x0A, 0x01, 0x41, 0x31, 0x32, 0x30,
  0x70, 0x0A, 0x05, 0x60, 0x70, 0x0A, 0x00, 0x41,
  0x31, 0x31, 0x39, 0xA2, 0x4A, 0x05, 0x92, 0x93,
  0x60, 0x0A, 0x08, 0xA0, 0x1A, 0x93, 0x60, 0x0A,
  0x01, 0x41, 0x31, 0x32, 0x38, 0x0A, 0x29, 0x61,
  0x0A, 0x00, 0x0A, 0x00, 0x0A, 0x00, 0x70, 0x0A,
  0x01, 0x62, 0x70, 0x0A, 0x08, 0x60, 0xA0, 0x37,
  0x93, 0x60, 0x0A, 0x05, 0x41, 0x31, 0x31, 0x36,
  0x0A, 0x00, 0x0A, 0x00, 0x41, 0x31, 0x32, 0x38,
  0x0A, 0x2A, 0x61, 0x0A, 0x00, 0x0A, 0x00, 0x0A,
  0x00, 0x70, 0x0A, 0x00, 0x41, 0x42, 0x30, 0x35,
  0x70, 0x0A, 0x00, 0x41, 0x42, 0x30, 0x34, 0x70,
  0x0A, 0x00, 0x41, 0x42, 0x31, 0x30, 0x70, 0x0A,
  0x00, 0x62, 0x70, 0x0A, 0x08, 0x60, 0x70, 0x41,
  0x31, 0x31, 0x31, 0x41, 0x31, 0x31, 0x39, 0xA0,
  0x0F, 0x92, 0x93, 0x41, 0x31, 0x31, 0x31, 0x0A,
  0x00, 0x41, 0x31, 0x31, 0x30, 0x0A, 0x01, 0xA4,
  0x62, 0x14, 0x2C, 0x41, 0x31, 0x36, 0x38, 0x09,
  0xA0, 0x25, 0x93, 0x83, 0x88, 0x5C, 0x2E, 0x5F,
  0x53, 0x42, 0x5F, 0x41, 0x44, 0x41, 0x54, 0x0A,
  0x08, 0x00, 0x0A, 0x01, 0x70, 0x0A, 0x00, 0x60,
  0xA2, 0x0D, 0x95, 0x60, 0x0A, 0x0B, 0x41, 0x31,
  0x36, 0x39, 0x60, 0x68, 0x75, 0x60, 0x14, 0x4F,
  0x04, 0x41, 0x31, 0x31, 0x37, 0x03, 0x70, 0x11,
  0x03, 0x0A, 0x18, 0x67, 0x8A, 0x67, 0x0A, 0x00,
  0x41, 0x30, 0x31, 0x32, 0x8A, 0x67, 0x0A, 0x04,
  0x41, 0x30, 0x31, 0x33, 0x8A, 0x67, 0x0A, 0x08,
  0x41, 0x30, 0x31, 0x34, 0x8A, 0x67, 0x0A, 0x0C,
  0x41, 0x30, 0x31, 0x35, 0x8A, 0x67, 0x0A, 0x10,
  0x41, 0x30, 0x31, 0x36, 0x8A, 0x67, 0x0A, 0x14,
  0x41, 0x30, 0x31, 0x37, 0x70, 0x69, 0x41, 0x30,
  0x31, 0x32, 0x70, 0x6A, 0x41, 0x30, 0x31, 0x33,
  0x41, 0x30, 0x31, 0x38, 0x68, 0x67, 0x14, 0x40,
  0x13, 0x41, 0x31, 0x36, 0x39, 0x02, 0xA0, 0x1A,
  0x93, 0x68, 0x0A, 0x00, 0xA4, 0x5C, 0x2F, 0x04,
  0x5F, 0x53, 0x42, 0x5F, 0x41, 0x57, 0x52, 0x30,
  0x41, 0x42, 0x52, 0x30, 0x41, 0x31, 0x31, 0x35,
  0x69, 0xA0, 0x1A, 0x93, 0x68, 0x0A, 0x01, 0xA4,
  0x5C, 0x2F, 0x04, 0x5F, 0x53, 0x42, 0x5F, 0x41,
  0x57, 0x52, 0x30, 0x41, 0x42, 0x52, 0x31, 0x41,
  0x31, 0x31, 0x35, 0x69, 0xA0, 0x1A, 0x93, 0x68,
  0x0A, 0x02, 0xA4, 0x5C, 0x2F, 0x04, 0x5F, 0x53,
  0x42, 0x5F, 0x41, 0x57, 0x52, 0x30, 0x41, 0x42,
  0x52, 0x32, 0x41, 0x31, 0x31, 0x35, 0x69, 0xA0,
  0x1A, 0x93, 0x68, 0x0A, 0x03, 0xA4, 0x5C, 0x2F,
  0x04, 0x5F, 0x53, 0x42, 0x5F, 0x41, 0x57, 0x52,
  0x30, 0x41, 0x42, 0x52, 0x33, 0x41, 0x31, 0x31,
  0x35, 0x69, 0xA0, 0x1A, 0x93, 0x68, 0x0A, 0x04,
  0xA4, 0x5C, 0x2F, 0x04, 0x5F, 0x53, 0x42, 0x5F,
  0x41, 0x57, 0x52, 0x30, 0x41, 0x42, 0x52, 0x34,
  0x41, 0x31, 0x31, 0x35, 0x69, 0xA0, 0x1A, 0x93,
  0x68, 0x0A, 0x05, 0xA4, 0x5C, 0x2F, 0x04, 0x5F,
  0x53, 0x42, 0x5F, 0x41, 0x57, 0x52, 0x30, 0x41,
  0x42, 0x52, 0x35, 0x41, 0x31, 0x31, 0x35, 0x69,
  0xA0, 0x1A, 0x93, 0x68, 0x0A, 0x06, 0xA4, 0x5C,
  0x2F, 0x04, 0x5F, 0x53, 0x42, 0x5F, 0x41, 0x57,
  0x52, 0x30, 0x41, 0x42, 0x52, 0x36, 0x41, 0x31,
  0x31, 0x35, 0x69, 0xA0, 0x1A, 0x93, 0x68, 0x0A,
  0x07, 0xA4, 0x5C, 0x2F, 0x04, 0x5F, 0x53, 0x42,
  0x5F, 0x41, 0x57, 0x52, 0x30, 0x41, 0x42, 0x52,
  0x37, 0x41, 0x31, 0x31, 0x35, 0x69, 0xA0, 0x1A,
  0x93, 0x68, 0x0A, 0x08, 0xA4, 0x5C, 0x2F, 0x04,
  0x5F, 0x53, 0x42, 0x5F, 0x41, 0x57, 0x52, 0x30,
  0x41, 0x42, 0x52, 0x38, 0x41, 0x31, 0x31, 0x35,
  0x69, 0xA0, 0x1A, 0x93, 0x68, 0x0A, 0x09, 0xA4,
  0x5C, 0x2F, 0x04, 0x5F, 0x53, 0x42, 0x5F, 0x41,
  0x57, 0x52, 0x30, 0x41, 0x42, 0x52, 0x39, 0x41,
  0x31, 0x31, 0x35, 0x69, 0xA0, 0x1A, 0x93, 0x68,
  0x0A, 0x0A, 0xA4, 0x5C, 0x2F, 0x04, 0x5F, 0x53,
  0x42, 0x5F, 0x41, 0x57, 0x52, 0x30, 0x41, 0x42,
  0x52, 0x41, 0x41, 0x31, 0x31, 0x35, 0x69, 0x14,
  0x4E, 0x0D, 0x41, 0x30, 0x37, 0x39, 0x09, 0x70,
  0x0A, 0x00, 0x60, 0x70, 0x83, 0x88, 0x68, 0x60,
  0x00, 0x66, 0x70, 0x11, 0x03, 0x0A, 0x18, 0x67,
  0x8A, 0x67, 0x0A, 0x00, 0x41, 0x30, 0x31, 0x32,
  0x8A, 0x67, 0x0A, 0x04, 0x41, 0x30, 0x31, 0x33,
  0x8A, 0x67, 0x0A, 0x08, 0x41, 0x30, 0x31, 0x34,
  0x8A, 0x67, 0x0A, 0x0C, 0x41, 0x30, 0x31, 0x35,
  0x8A, 0x67, 0x0A, 0x10, 0x41, 0x30, 0x31, 0x36,
  0x8A, 0x67, 0x0A, 0x14, 0x41, 0x30, 0x31, 0x37,
  0x70, 0x0A, 0x02, 0x60, 0x70, 0x83, 0x88, 0x68,
  0x60, 0x00, 0x61, 0x75, 0x60, 0x70, 0x83, 0x88,
  0x68, 0x60, 0x00, 0x62, 0x75, 0x60, 0x7D, 0x79,
  0x83, 0x88, 0x68, 0x60, 0x00, 0x0A, 0x08, 0x00,
  0x62, 0x62, 0x70, 0x0A, 0x00, 0x41, 0x30, 0x31,
  0x32, 0x70, 0x0A, 0x00, 0x41, 0x30, 0x31, 0x33,
  0x70, 0x0A, 0x00, 0x41, 0x30, 0x31, 0x34, 0x70,
  0x0A, 0x00, 0x41, 0x30, 0x31, 0x35, 0x70, 0x0A,
  0x00, 0x41, 0x30, 0x31, 0x36, 0x70, 0x0A, 0x00,
  0x41, 0x30, 0x31, 0x37, 0xA0, 0x11, 0x93, 0x61,
  0x0A, 0x00, 0x70, 0x62, 0x41, 0x30, 0x31, 0x32,
  0x41, 0x31, 0x36, 0x38, 0x0A, 0x00, 0xA0, 0x11,
  0x93, 0x61, 0x0A, 0x01, 0x70, 0x62, 0x41, 0x30,
  0x31, 0x32, 0x41, 0x31, 0x36, 0x38, 0x0A, 0x01,
  0xA0, 0x12, 0x93, 0x61, 0x0A, 0x02, 0x70, 0x62,
  0x41, 0x30, 0x31, 0x32, 0x41, 0x30, 0x31, 0x38,
  0x0A, 0x27, 0x67, 0xA0, 0x12, 0x93, 0x61, 0x0A,
  0x03, 0x70, 0x62, 0x41, 0x30, 0x31, 0x32, 0x41,
  0x30, 0x31, 0x38, 0x0A, 0x28, 0x67, 0x08, 0x41,
  0x30, 0x30, 0x38, 0x0A, 0x01, 0x08, 0x41, 0x30,
  0x30, 0x39, 0x0A, 0x00, 0x14, 0x0C, 0x41, 0x50,
  0x54, 0x53, 0x01, 0xA0, 0x05, 0x93, 0x68, 0x0A,
  0x03, 0x14, 0x0C, 0x41, 0x57, 0x41, 0x4B, 0x01,
  0xA0, 0x05, 0x93, 0x68, 0x0A, 0x03, 0x14, 0x1C,
  0x41, 0x50, 0x50, 0x4D, 0x01, 0x70, 0x83, 0x88,
  0x68, 0x0A, 0x04, 0x00, 0x60, 0x70, 0x83, 0x88,
  0x68, 0x0A, 0x02, 0x00, 0x61, 0x41, 0x30, 0x31,
  0x30, 0x60, 0x61, 0x14, 0x40, 0x08, 0x41, 0x30,
  0x31, 0x31, 0x00, 0x70, 0x11, 0x03, 0x0A, 0x18,
  0x67, 0x8A, 0x67, 0x0A, 0x00, 0x41, 0x30, 0x31,
  0x32, 0x8A, 0x67, 0x0A, 0x04, 0x41, 0x30, 0x31,
  0x33, 0x8A, 0x67, 0x0A, 0x08, 0x41, 0x30, 0x31,
  0x34, 0x8A, 0x67, 0x0A, 0x0C, 0x41, 0x30, 0x31,
  0x35, 0x8A, 0x67, 0x0A, 0x10, 0x41, 0x30, 0x31,
  0x36, 0x8A, 0x67, 0x0A, 0x14, 0x41, 0x30, 0x31,
  0x37, 0x70, 0x0A, 0x00, 0x41, 0x30, 0x31, 0x32,
  0x70, 0x0A, 0x00, 0x41, 0x30, 0x31, 0x33, 0x70,
  0x0A, 0x00, 0x41, 0x30, 0x31, 0x34, 0x70, 0x0A,
  0x00, 0x41, 0x30, 0x31, 0x35, 0x70, 0x0A, 0x00,
  0x41, 0x30, 0x31, 0x36, 0x70, 0x0A, 0x00, 0x41,
  0x30, 0x31, 0x37, 0xA0, 0x0F, 0x93, 0x41, 0x44,
  0x30, 0x30, 0x0A, 0x00, 0x41, 0x30, 0x31, 0x38,
  0x0A, 0x11, 0x67, 0xA1, 0x08, 0x41, 0x30, 0x31,
  0x38, 0x0A, 0x12, 0x67, 0x14, 0x06, 0x41, 0x30,
  0x31, 0x39, 0x02
};

#endif
